,GAME_ID,EVENTNUM,EVENTMSGTYPE,EVENTMSGACTIONTYPE,PERIOD,WCTIMESTRING,PCTIMESTRING,HOMEDESCRIPTION,NEUTRALDESCRIPTION,VISITORDESCRIPTION,SCORE,SCOREMARGIN,PERSON1TYPE,PLAYER1_ID,PLAYER1_NAME,PLAYER1_TEAM_ID,PLAYER1_TEAM_CITY,PLAYER1_TEAM_NICKNAME,PLAYER1_TEAM_ABBREVIATION,PERSON2TYPE,PLAYER2_ID,PLAYER2_NAME,PLAYER2_TEAM_ID,PLAYER2_TEAM_CITY,PLAYER2_TEAM_NICKNAME,PLAYER2_TEAM_ABBREVIATION,PERSON3TYPE,PLAYER3_ID,PLAYER3_NAME,PLAYER3_TEAM_ID,PLAYER3_TEAM_CITY,PLAYER3_TEAM_NICKNAME,PLAYER3_TEAM_ABBREVIATION
0,21500438,0,12,0,1,5:21 PM,12:00,,,,,,0.0,0,,,,,,0,0,,,,,,0,0,,,,,
1,21500438,1,10,0,1,5:21 PM,12:00,Jump Ball Bogut vs. Mozgov: Tip to Love,,,,,4.0,101106,Andrew Bogut,1610612744.0,Golden State,Warriors,GSW,5,202389,Timofey Mozgov,1610612739.0,Cleveland,Cavaliers,CLE,5,201567,Kevin Love,1610612739.0,Cleveland,Cavaliers,CLE
2,21500438,2,5,39,1,5:21 PM,11:44,,,Mozgov Step Out of Bounds Turnover (P1.T1),,,5.0,202389,Timofey Mozgov,1610612739.0,Cleveland,Cavaliers,CLE,0,0,,,,,,1,0,,,,,
3,21500438,3,5,2,1,5:22 PM,11:25,Rush Lost Ball Turnover (P1.T1),,James STEAL (1 STL),,,4.0,201575,Brandon Rush,1610612744.0,Golden State,Warriors,GSW,5,2544,LeBron James,1610612739.0,Cleveland,Cavaliers,CLE,0,0,,,,,
4,21500438,4,2,85,1,5:22 PM,11:03,,,MISS Love 4' Turnaround Bank Shot,,,5.0,201567,Kevin Love,1610612739.0,Cleveland,Cavaliers,CLE,0,0,,,,,,0,0,,,,,
5,21500438,5,4,0,1,5:22 PM,11:03,Thompson REBOUND (Off:0 Def:1),,,,,4.0,202691,Klay Thompson,1610612744.0,Golden State,Warriors,GSW,0,0,,,,,,0,0,,,,,
6,21500438,6,2,1,1,5:22 PM,10:58,MISS Thompson 26' 3PT Jump Shot,,,,,4.0,202691,Klay Thompson,1610612744.0,Golden State,Warriors,GSW,0,0,,,,,,0,0,,,,,
7,21500438,7,4,0,1,5:22 PM,10:56,,,Smith REBOUND (Off:0 Def:1),,,5.0,2747,JR Smith,1610612739.0,Cleveland,Cavaliers,CLE,0,0,,,,,,0,0,,,,,
8,21500438,8,2,1,1,5:22 PM,10:43,,,MISS Love 27' 3PT Jump Shot,,,5.0,201567,Kevin Love,1610612739.0,Cleveland,Cavaliers,CLE,0,0,,,,,,0,0,,,,,
9,21500438,9,4,0,1,5:22 PM,10:42,Green REBOUND (Off:0 Def:1),,,,,4.0,203110,Draymond Green,1610612744.0,Golden State,Warriors,GSW,0,0,,,,,,0,0,,,,,
10,21500438,10,1,108,1,5:23 PM,10:29,Bogut  Cutting Dunk Shot (2 PTS) (Thompson 1 AST),,,0 - 2,2,4.0,101106,Andrew Bogut,1610612744.0,Golden State,Warriors,GSW,4,202691,Klay Thompson,1610612744.0,Golden State,Warriors,GSW,0,0,,,,,
11,21500438,11,2,42,1,5:23 PM,10:04,,,MISS James 1' Driving Layup,,,5.0,2544,LeBron James,1610612739.0,Cleveland,Cavaliers,CLE,0,0,,,,,,0,0,,,,,
12,21500438,12,4,0,1,5:23 PM,10:02,Bogut REBOUND (Off:0 Def:1),,,,,4.0,101106,Andrew Bogut,1610612744.0,Golden State,Warriors,GSW,0,0,,,,,,0,0,,,,,
13,21500438,14,5,4,1,5:24 PM,9:49,Green Traveling Turnover (P1.T2),,,,,4.0,203110,Draymond Green,1610612744.0,Golden State,Warriors,GSW,0,0,,,,,,1,0,,,,,
14,21500438,15,1,1,1,5:24 PM,9:35,,,Smith 25' 3PT Jump Shot (3 PTS) (Love 1 AST),3 - 2,-1,5.0,2747,JR Smith,1610612739.0,Cleveland,Cavaliers,CLE,5,201567,Kevin Love,1610612739.0,Cleveland,Cavaliers,CLE,0,0,,,,,
15,21500438,16,1,43,1,5:24 PM,9:23,Bogut 2' Alley Oop Layup (4 PTS) (Green 1 AST),,,3 - 4,1,4.0,101106,Andrew Bogut,1610612744.0,Golden State,Warriors,GSW,4,203110,Draymond Green,1610612744.0,Golden State,Warriors,GSW,0,0,,,,,
16,21500438,17,2,1,1,5:25 PM,9:03,Green BLOCK (1 BLK),,MISS Irving 25' 3PT Jump Shot,,,5.0,202681,Kyrie Irving,1610612739.0,Cleveland,Cavaliers,CLE,0,0,,,,,,4,203110,Draymond Green,1610612744.0,Golden State,Warriors,GSW
17,21500438,18,4,0,1,5:25 PM,9:01,,,Irving REBOUND (Off:1 Def:0),,,5.0,202681,Kyrie Irving,1610612739.0,Cleveland,Cavaliers,CLE,0,0,,,,,,0,0,,,,,
18,21500438,19,2,1,1,5:25 PM,8:53,,,MISS Smith 25' 3PT Jump Shot,,,5.0,2747,JR Smith,1610612739.0,Cleveland,Cavaliers,CLE,0,0,,,,,,0,0,,,,,
19,21500438,20,4,0,1,5:25 PM,8:52,Rush REBOUND (Off:0 Def:1),,,,,4.0,201575,Brandon Rush,1610612744.0,Golden State,Warriors,GSW,0,0,,,,,,0,0,,,,,
20,21500438,21,5,45,1,5:25 PM,8:46,Green Out of Bounds - Bad Pass Turnover Turnover (P2.T3),,,,,4.0,203110,Draymond Green,1610612744.0,Golden State,Warriors,GSW,0,0,,,,,,1,0,,,,,
21,21500438,22,1,86,1,5:25 PM,8:26,,,James 8' Turnaround Fadeaway (2 PTS),5 - 4,-1,5.0,2544,LeBron James,1610612739.0,Cleveland,Cavaliers,CLE,0,0,,,,,,0,0,,,,,
22,21500438,23,2,5,1,5:25 PM,8:17,MISS Curry 2' Layup,,,,,4.0,201939,Stephen Curry,1610612744.0,Golden State,Warriors,GSW,0,0,,,,,,0,0,,,,,
23,21500438,24,4,0,1,5:25 PM,8:16,,,Love REBOUND (Off:0 Def:1),,,5.0,201567,Kevin Love,1610612739.0,Cleveland,Cavaliers,CLE,0,0,,,,,,0,0,,,,,
24,21500438,25,2,49,1,5:26 PM,8:10,Bogut BLOCK (1 BLK),,MISS Mozgov  Driving Dunk,,,5.0,202389,Timofey Mozgov,1610612739.0,Cleveland,Cavaliers,CLE,0,0,,,,,,4,101106,Andrew Bogut,1610612744.0,Golden State,Warriors,GSW
25,21500438,26,4,0,1,5:26 PM,8:09,Green REBOUND (Off:0 Def:2),,,,,4.0,203110,Draymond Green,1610612744.0,Golden State,Warriors,GSW,0,0,,,,,,0,0,,,,,
26,21500438,27,6,2,1,5:26 PM,8:07,,,Smith S.FOUL (P1.T1) (S.Foster),,,5.0,2747,JR Smith,1610612739.0,Cleveland,Cavaliers,CLE,4,203110,Draymond Green,1610612744.0,Golden State,Warriors,GSW,1,0,,,,,
27,21500438,28,3,11,1,5:26 PM,8:07,Green Free Throw 1 of 2 (1 PTS),,,5 - 5,TIE,4.0,203110,Draymond Green,1610612744.0,Golden State,Warriors,GSW,0,0,,,,,,0,0,,,,,
28,21500438,30,3,12,1,5:26 PM,8:07,Green Free Throw 2 of 2 (2 PTS),,,5 - 6,1,4.0,203110,Draymond Green,1610612744.0,Golden State,Warriors,GSW,0,0,,,,,,0,0,,,,,
29,21500438,32,6,2,1,5:27 PM,7:45,Rush S.FOUL (P1.T1) (C.Kirkland),,,,,4.0,201575,Brandon Rush,1610612744.0,Golden State,Warriors,GSW,5,202681,Kyrie Irving,1610612739.0,Cleveland,Cavaliers,CLE,1,0,,,,,
30,21500438,33,3,11,1,5:27 PM,7:45,,,Irving Free Throw 1 of 2 (1 PTS),6 - 6,TIE,5.0,202681,Kyrie Irving,1610612739.0,Cleveland,Cavaliers,CLE,0,0,,,,,,0,0,,,,,
31,21500438,35,3,12,1,5:27 PM,7:45,,,Irving Free Throw 2 of 2 (2 PTS),7 - 6,-1,5.0,202681,Kyrie Irving,1610612739.0,Cleveland,Cavaliers,CLE,0,0,,,,,,0,0,,,,,
32,21500438,37,1,1,1,5:28 PM,7:30,Green 25' 3PT Jump Shot (5 PTS) (Curry 1 AST),,,7 - 9,2,4.0,203110,Draymond Green,1610612744.0,Golden State,Warriors,GSW,4,201939,Stephen Curry,1610612744.0,Golden State,Warriors,GSW,0,0,,,,,
33,21500438,38,1,1,1,5:28 PM,7:16,,,Smith 25' 3PT Jump Shot (6 PTS) (Love 2 AST),10 - 9,-1,5.0,2747,JR Smith,1610612739.0,Cleveland,Cavaliers,CLE,5,201567,Kevin Love,1610612739.0,Cleveland,Cavaliers,CLE,0,0,,,,,
34,21500438,39,2,1,1,5:28 PM,7:05,MISS Thompson 25' 3PT Jump Shot,,,,,4.0,202691,Klay Thompson,1610612744.0,Golden State,Warriors,GSW,0,0,,,,,,0,0,,,,,
35,21500438,40,4,0,1,5:28 PM,7:04,WARRIORS Rebound,,,,,2.0,1610612744,,,,,,0,0,,,,,,0,0,,,,,
36,21500438,41,2,1,1,5:29 PM,6:53,MISS Curry 18' Jump Shot,,,,,4.0,201939,Stephen Curry,1610612744.0,Golden State,Warriors,GSW,0,0,,,,,,0,0,,,,,
37,21500438,42,4,0,1,5:29 PM,6:53,,,Love REBOUND (Off:0 Def:2),,,5.0,201567,Kevin Love,1610612739.0,Cleveland,Cavaliers,CLE,0,0,,,,,,0,0,,,,,
38,21500438,43,1,42,1,5:29 PM,6:39,,,Love 1' Driving Layup (2 PTS),12 - 9,-3,5.0,201567,Kevin Love,1610612739.0,Cleveland,Cavaliers,CLE,0,0,,,,,,0,0,,,,,
39,21500438,44,2,42,1,5:29 PM,6:27,MISS Green 1' Driving Layup,,,,,4.0,203110,Draymond Green,1610612744.0,Golden State,Warriors,GSW,0,0,,,,,,0,0,,,,,
40,21500438,45,4,0,1,5:29 PM,6:26,Bogut REBOUND (Off:1 Def:1),,,,,4.0,101106,Andrew Bogut,1610612744.0,Golden State,Warriors,GSW,0,0,,,,,,0,0,,,,,
41,21500438,46,1,98,1,5:29 PM,6:18,Thompson 1' Cutting Layup Shot (2 PTS) (Green 2 AST),,,12 - 11,-1,4.0,202691,Klay Thompson,1610612744.0,Golden State,Warriors,GSW,4,203110,Draymond Green,1610612744.0,Golden State,Warriors,GSW,0,0,,,,,
42,21500438,47,2,1,1,5:30 PM,5:51,,,MISS Love  3PT Jump Shot,,,5.0,201567,Kevin Love,1610612739.0,Cleveland,Cavaliers,CLE,0,0,,,,,,0,0,,,,,
43,21500438,48,4,0,1,5:30 PM,5:50,,,Mozgov REBOUND (Off:1 Def:0),,,5.0,202389,Timofey Mozgov,1610612739.0,Cleveland,Cavaliers,CLE,0,0,,,,,,0,0,,,,,
44,21500438,51,2,40,1,5:30 PM,5:45,Green BLOCK (2 BLK),,MISS Love 1' Layup,,,5.0,201567,Kevin Love,1610612739.0,Cleveland,Cavaliers,CLE,0,0,,,,,,4,203110,Draymond Green,1610612744.0,Golden State,Warriors,GSW
45,21500438,52,4,0,1,5:30 PM,5:43,,,Cavaliers Rebound,,,3.0,1610612739,,,,,,0,0,,,,,,0,0,,,,,
46,21500438,50,9,1,1,5:30 PM,5:43,WARRIORS Timeout: Regular (Full 1 Short 0),,,,,2.0,1610612744,,,,,,0,0,,,,,,0,0,,,,,
47,21500438,54,8,0,1,5:33 PM,5:43,SUB: Iguodala FOR Rush,,,,,4.0,201575,Brandon Rush,1610612744.0,Golden State,Warriors,GSW,4,2738,Andre Iguodala,1610612744.0,Golden State,Warriors,GSW,0,0,,,,,
48,21500438,55,5,2,1,5:33 PM,5:36,Curry STEAL (1 STL),,Irving Lost Ball Turnover (P1.T2),,,5.0,202681,Kyrie Irving,1610612739.0,Cleveland,Cavaliers,CLE,4,201939,Stephen Curry,1610612744.0,Golden State,Warriors,GSW,0,0,,,,,
49,21500438,56,6,1,1,5:33 PM,5:34,,,Love P.FOUL (P1.T2) (S.Foster),,,5.0,201567,Kevin Love,1610612739.0,Cleveland,Cavaliers,CLE,4,203110,Draymond Green,1610612744.0,Golden State,Warriors,GSW,1,0,,,,,
50,21500438,57,8,0,1,5:33 PM,5:34,,,SUB: Dellavedova FOR Irving,,,5.0,202681,Kyrie Irving,1610612739.0,Cleveland,Cavaliers,CLE,5,203521,Matthew Dellavedova,1610612739.0,Cleveland,Cavaliers,CLE,0,0,,,,,
51,21500438,58,1,1,1,5:34 PM,5:25,Green 25' 3PT Jump Shot (8 PTS) (Curry 2 AST),,,12 - 14,2,4.0,203110,Draymond Green,1610612744.0,Golden State,Warriors,GSW,4,201939,Stephen Curry,1610612744.0,Golden State,Warriors,GSW,0,0,,,,,
52,21500438,59,2,5,1,5:34 PM,5:04,Bogut BLOCK (2 BLK),,MISS Mozgov 2' Layup,,,5.0,202389,Timofey Mozgov,1610612739.0,Cleveland,Cavaliers,CLE,0,0,,,,,,4,101106,Andrew Bogut,1610612744.0,Golden State,Warriors,GSW
53,21500438,61,4,0,1,5:34 PM,4:59,,,Mozgov REBOUND (Off:2 Def:0),,,5.0,202389,Timofey Mozgov,1610612739.0,Cleveland,Cavaliers,CLE,0,0,,,,,,0,0,,,,,
54,21500438,60,2,97,1,5:34 PM,4:59,,,MISS Mozgov 2' Tip Layup Shot,,,5.0,202389,Timofey Mozgov,1610612739.0,Cleveland,Cavaliers,CLE,0,0,,,,,,0,0,,,,,
55,21500438,62,4,0,1,5:34 PM,4:58,Green REBOUND (Off:0 Def:3),,,,,4.0,203110,Draymond Green,1610612744.0,Golden State,Warriors,GSW,0,0,,,,,,0,0,,,,,
56,21500438,63,6,2,1,5:34 PM,4:55,,,Mozgov S.FOUL (P1.T3) (M.Boland),,,5.0,202389,Timofey Mozgov,1610612739.0,Cleveland,Cavaliers,CLE,4,201939,Stephen Curry,1610612744.0,Golden State,Warriors,GSW,1,0,,,,,
57,21500438,64,3,11,1,5:35 PM,4:55,Curry Free Throw 1 of 2 (1 PTS),,,12 - 15,3,4.0,201939,Stephen Curry,1610612744.0,Golden State,Warriors,GSW,0,0,,,,,,0,0,,,,,
58,21500438,66,8,0,1,5:35 PM,4:55,,,SUB: Thompson FOR Mozgov,,,5.0,202389,Timofey Mozgov,1610612739.0,Cleveland,Cavaliers,CLE,5,202684,Tristan Thompson,1610612739.0,Cleveland,Cavaliers,CLE,0,0,,,,,
59,21500438,67,3,12,1,5:35 PM,4:55,Curry Free Throw 2 of 2 (2 PTS),,,12 - 16,4,4.0,201939,Stephen Curry,1610612744.0,Golden State,Warriors,GSW,0,0,,,,,,0,0,,,,,
60,21500438,69,2,1,1,5:35 PM,4:41,,,MISS Dellavedova 25' 3PT Jump Shot,,,5.0,203521,Matthew Dellavedova,1610612739.0,Cleveland,Cavaliers,CLE,0,0,,,,,,0,0,,,,,
61,21500438,70,4,0,1,5:35 PM,4:40,Green REBOUND (Off:0 Def:4),,,,,4.0,203110,Draymond Green,1610612744.0,Golden State,Warriors,GSW,0,0,,,,,,0,0,,,,,
62,21500438,71,2,46,1,5:35 PM,4:34,MISS Green 3' Running Jump Shot,,Love BLOCK (1 BLK),,,4.0,203110,Draymond Green,1610612744.0,Golden State,Warriors,GSW,0,0,,,,,,5,201567,Kevin Love,1610612739.0,Cleveland,Cavaliers,CLE
63,21500438,72,4,0,1,5:35 PM,4:32,,,Thompson REBOUND (Off:0 Def:1),,,5.0,202684,Tristan Thompson,1610612739.0,Cleveland,Cavaliers,CLE,0,0,,,,,,0,0,,,,,
64,21500438,73,2,47,1,5:36 PM,4:21,Thompson BLOCK (1 BLK),,MISS James 5' Turnaround Jump Shot,,,5.0,2544,LeBron James,1610612739.0,Cleveland,Cavaliers,CLE,0,0,,,,,,4,202691,Klay Thompson,1610612744.0,Golden State,Warriors,GSW
65,21500438,74,4,0,1,5:36 PM,4:19,Bogut REBOUND (Off:1 Def:2),,,,,4.0,101106,Andrew Bogut,1610612744.0,Golden State,Warriors,GSW,0,0,,,,,,0,0,,,,,
66,21500438,75,2,78,1,5:36 PM,4:10,MISS Curry 9' Floating Jump Shot,,,,,4.0,201939,Stephen Curry,1610612744.0,Golden State,Warriors,GSW,0,0,,,,,,0,0,,,,,
67,21500438,76,4,0,1,5:36 PM,4:09,,,Love REBOUND (Off:0 Def:3),,,5.0,201567,Kevin Love,1610612739.0,Cleveland,Cavaliers,CLE,0,0,,,,,,0,0,,,,,
68,21500438,77,1,1,1,5:36 PM,4:02,,,Dellavedova 7' Jump Shot (2 PTS),14 - 16,2,5.0,203521,Matthew Dellavedova,1610612739.0,Cleveland,Cavaliers,CLE,0,0,,,,,,0,0,,,,,
69,21500438,78,6,2,1,5:36 PM,4:02,Curry S.FOUL (P1.T2) (M.Boland),,,,,4.0,201939,Stephen Curry,1610612744.0,Golden State,Warriors,GSW,5,203521,Matthew Dellavedova,1610612739.0,Cleveland,Cavaliers,CLE,1,0,,,,,
70,21500438,79,8,0,1,5:36 PM,4:02,,,SUB: Shumpert FOR Love,,,5.0,201567,Kevin Love,1610612739.0,Cleveland,Cavaliers,CLE,5,202697,Iman Shumpert,1610612739.0,Cleveland,Cavaliers,CLE,0,0,,,,,
71,21500438,80,8,0,1,5:36 PM,4:02,SUB: Livingston FOR Thompson,,,,,4.0,202691,Klay Thompson,1610612744.0,Golden State,Warriors,GSW,4,2733,Shaun Livingston,1610612744.0,Golden State,Warriors,GSW,0,0,,,,,
72,21500438,81,3,10,1,5:36 PM,4:02,,,Dellavedova Free Throw 1 of 1 (3 PTS),15 - 16,1,5.0,203521,Matthew Dellavedova,1610612739.0,Cleveland,Cavaliers,CLE,0,0,,,,,,0,0,,,,,
73,21500438,83,2,1,1,5:37 PM,3:43,MISS Iguodala 24' 3PT Jump Shot,,,,,4.0,2738,Andre Iguodala,1610612744.0,Golden State,Warriors,GSW,0,0,,,,,,0,0,,,,,
74,21500438,84,4,0,1,5:37 PM,3:42,Livingston REBOUND (Off:1 Def:0),,,,,4.0,2733,Shaun Livingston,1610612744.0,Golden State,Warriors,GSW,0,0,,,,,,0,0,,,,,
75,21500438,85,5,1,1,5:37 PM,3:40,Livingston Bad Pass Turnover (P1.T4),,Smith STEAL (1 STL),,,4.0,2733,Shaun Livingston,1610612744.0,Golden State,Warriors,GSW,5,2747,JR Smith,1610612739.0,Cleveland,Cavaliers,CLE,0,0,,,,,
76,21500438,86,2,1,1,5:37 PM,3:27,,,MISS Shumpert  3PT Jump Shot,,,5.0,202697,Iman Shumpert,1610612739.0,Cleveland,Cavaliers,CLE,0,0,,,,,,0,0,,,,,
77,21500438,87,4,0,1,5:37 PM,3:25,Livingston REBOUND (Off:1 Def:1),,,,,4.0,2733,Shaun Livingston,1610612744.0,Golden State,Warriors,GSW,0,0,,,,,,0,0,,,,,
78,21500438,88,1,98,1,5:37 PM,3:14,Curry 1' Cutting Layup Shot (4 PTS) (Bogut 1 AST),,,15 - 18,3,4.0,201939,Stephen Curry,1610612744.0,Golden State,Warriors,GSW,4,101106,Andrew Bogut,1610612744.0,Golden State,Warriors,GSW,0,0,,,,,
79,21500438,89,6,2,1,5:37 PM,3:14,,,Dellavedova S.FOUL (P1.T4) (C.Kirkland),,,5.0,203521,Matthew Dellavedova,1610612739.0,Cleveland,Cavaliers,CLE,4,201939,Stephen Curry,1610612744.0,Golden State,Warriors,GSW,1,0,,,,,
80,21500438,90,8,0,1,5:38 PM,3:14,SUB: Ezeli FOR Bogut,,,,,4.0,101106,Andrew Bogut,1610612744.0,Golden State,Warriors,GSW,4,203105,Festus Ezeli,1610612744.0,Golden State,Warriors,GSW,0,0,,,,,
81,21500438,91,9,1,1,5:38 PM,3:14,,,Cavaliers Timeout: Regular (Reg.1 Short 0),,,3.0,1610612739,,,,,,0,0,,,,,,0,0,,,,,
82,21500438,93,3,10,1,5:41 PM,3:14,Curry Free Throw 1 of 1 (5 PTS),,,15 - 19,4,4.0,201939,Stephen Curry,1610612744.0,Golden State,Warriors,GSW,0,0,,,,,,0,0,,,,,
83,21500438,95,5,2,1,5:41 PM,3:05,Iguodala STEAL (1 STL),,James Lost Ball Turnover (P1.T3),,,5.0,2544,LeBron James,1610612739.0,Cleveland,Cavaliers,CLE,4,2738,Andre Iguodala,1610612744.0,Golden State,Warriors,GSW,0,0,,,,,
84,21500438,96,1,79,1,5:41 PM,2:59,Livingston 14' Pullup Jump Shot (2 PTS) (Curry 3 AST),,,15 - 21,6,4.0,2733,Shaun Livingston,1610612744.0,Golden State,Warriors,GSW,4,201939,Stephen Curry,1610612744.0,Golden State,Warriors,GSW,0,0,,,,,
85,21500438,97,2,1,1,5:41 PM,2:41,,,MISS James 24' 3PT Jump Shot,,,5.0,2544,LeBron James,1610612739.0,Cleveland,Cavaliers,CLE,0,0,,,,,,0,0,,,,,
86,21500438,98,4,0,1,5:42 PM,2:40,Green REBOUND (Off:0 Def:5),,,,,4.0,203110,Draymond Green,1610612744.0,Golden State,Warriors,GSW,0,0,,,,,,0,0,,,,,
87,21500438,99,5,1,1,5:42 PM,2:33,Livingston Bad Pass Turnover (P2.T5),,Shumpert STEAL (1 STL),,,4.0,2733,Shaun Livingston,1610612744.0,Golden State,Warriors,GSW,5,202697,Iman Shumpert,1610612739.0,Cleveland,Cavaliers,CLE,0,0,,,,,
88,21500438,100,2,1,1,5:42 PM,2:22,,,MISS Shumpert 19' Jump Shot,,,5.0,202697,Iman Shumpert,1610612739.0,Cleveland,Cavaliers,CLE,0,0,,,,,,0,0,,,,,
89,21500438,101,4,0,1,5:42 PM,2:22,Curry REBOUND (Off:0 Def:1),,,,,4.0,201939,Stephen Curry,1610612744.0,Golden State,Warriors,GSW,0,0,,,,,,0,0,,,,,
90,21500438,102,1,45,1,5:42 PM,2:15,Curry 29' 3PT Jump Shot (8 PTS) (Green 3 AST),,,15 - 24,9,4.0,201939,Stephen Curry,1610612744.0,Golden State,Warriors,GSW,4,203110,Draymond Green,1610612744.0,Golden State,Warriors,GSW,0,0,,,,,
91,21500438,103,1,75,1,5:42 PM,1:56,,,James 1' Driving Finger Roll Layup (4 PTS),17 - 24,7,5.0,2544,LeBron James,1610612739.0,Cleveland,Cavaliers,CLE,0,0,,,,,,0,0,,,,,
92,21500438,104,1,42,1,5:43 PM,1:34,Green 2' Driving Layup (10 PTS) (Livingston 1 AST),,,17 - 26,9,4.0,203110,Draymond Green,1610612744.0,Golden State,Warriors,GSW,4,2733,Shaun Livingston,1610612744.0,Golden State,Warriors,GSW,0,0,,,,,
93,21500438,105,6,2,1,5:43 PM,1:34,,,Smith S.FOUL (P2.PN) (M.Boland),,,5.0,2747,JR Smith,1610612739.0,Cleveland,Cavaliers,CLE,4,203110,Draymond Green,1610612744.0,Golden State,Warriors,GSW,1,0,,,,,
94,21500438,106,8,0,1,5:43 PM,1:34,,,SUB: Jones FOR James,,,5.0,2544,LeBron James,1610612739.0,Cleveland,Cavaliers,CLE,5,2592,James Jones,1610612739.0,Cleveland,Cavaliers,CLE,0,0,,,,,
95,21500438,108,8,0,1,5:43 PM,1:34,,,SUB: Williams FOR Smith,,,5.0,2747,JR Smith,1610612739.0,Cleveland,Cavaliers,CLE,5,2590,Mo Williams,1610612739.0,Cleveland,Cavaliers,CLE,0,0,,,,,
96,21500438,109,3,10,1,5:43 PM,1:34,MISS Green Free Throw 1 of 1,,,,,4.0,203110,Draymond Green,1610612744.0,Golden State,Warriors,GSW,0,0,,,,,,0,0,,,,,
97,21500438,111,4,0,1,5:44 PM,1:33,,,Jones REBOUND (Off:0 Def:1),,,5.0,2592,James Jones,1610612739.0,Cleveland,Cavaliers,CLE,0,0,,,,,,0,0,,,,,
98,21500438,112,2,79,1,5:44 PM,1:24,,,MISS Shumpert 25' 3PT Pullup Jump Shot,,,5.0,202697,Iman Shumpert,1610612739.0,Cleveland,Cavaliers,CLE,0,0,,,,,,0,0,,,,,
99,21500438,113,4,0,1,5:44 PM,1:23,Livingston REBOUND (Off:1 Def:2),,,,,4.0,2733,Shaun Livingston,1610612744.0,Golden State,Warriors,GSW,0,0,,,,,,0,0,,,,,
100,21500438,114,5,8,1,5:44 PM,1:13,Green 3 Second Violation Turnover (P3.T6),,,,,4.0,203110,Draymond Green,1610612744.0,Golden State,Warriors,GSW,0,0,,,,,,1,0,,,,,
101,21500438,115,2,1,1,5:44 PM,0:59,,,MISS Dellavedova 24' 3PT Jump Shot,,,5.0,203521,Matthew Dellavedova,1610612739.0,Cleveland,Cavaliers,CLE,0,0,,,,,,0,0,,,,,
102,21500438,116,4,0,1,5:44 PM,0:58,Green REBOUND (Off:0 Def:6),,,,,4.0,203110,Draymond Green,1610612744.0,Golden State,Warriors,GSW,0,0,,,,,,0,0,,,,,
103,21500438,117,2,41,1,5:44 PM,0:53,MISS Curry 2' Running Layup,,,,,4.0,201939,Stephen Curry,1610612744.0,Golden State,Warriors,GSW,0,0,,,,,,0,0,,,,,
104,21500438,118,4,0,1,5:44 PM,0:53,,,Jones REBOUND (Off:0 Def:2),,,5.0,2592,James Jones,1610612739.0,Cleveland,Cavaliers,CLE,0,0,,,,,,0,0,,,,,
105,21500438,119,1,108,1,5:45 PM,0:48,,,Thompson  Cutting Dunk Shot (2 PTS) (Shumpert 1 AST),19 - 26,7,5.0,202684,Tristan Thompson,1610612739.0,Cleveland,Cavaliers,CLE,5,202697,Iman Shumpert,1610612739.0,Cleveland,Cavaliers,CLE,0,0,,,,,
106,21500438,120,1,86,1,5:45 PM,0:31,Livingston 15' Turnaround Fadeaway (4 PTS),,,19 - 28,9,4.0,2733,Shaun Livingston,1610612744.0,Golden State,Warriors,GSW,0,0,,,,,,0,0,,,,,
107,21500438,121,2,1,1,5:45 PM,0:12,,,MISS Williams 17' Jump Shot,,,5.0,2590,Mo Williams,1610612739.0,Cleveland,Cavaliers,CLE,0,0,,,,,,0,0,,,,,
108,21500438,122,4,0,1,5:45 PM,0:12,,,Thompson REBOUND (Off:1 Def:1),,,5.0,202684,Tristan Thompson,1610612739.0,Cleveland,Cavaliers,CLE,0,0,,,,,,0,0,,,,,
109,21500438,123,6,1,1,5:45 PM,0:10,Ezeli P.FOUL (P1.T3) (C.Kirkland),,,,,4.0,203105,Festus Ezeli,1610612744.0,Golden State,Warriors,GSW,5,202684,Tristan Thompson,1610612739.0,Cleveland,Cavaliers,CLE,1,0,,,,,
110,21500438,124,8,0,1,5:46 PM,0:10,,,SUB: James FOR Williams,,,5.0,2590,Mo Williams,1610612739.0,Cleveland,Cavaliers,CLE,5,2544,LeBron James,1610612739.0,Cleveland,Cavaliers,CLE,0,0,,,,,
111,21500438,127,18,0,1,5:47 PM,0:00,,,,,,,126,,,,,,0,0,,,,,,1,0,,,,,
112,21500438,128,13,0,1,5:47 PM,0:00,,,,19 - 28,9,0.0,0,,,,,,0,0,,,,,,0,0,,,,,
113,21500438,130,12,0,2,5:50 PM,12:00,,,,19 - 28,9,0.0,0,,,,,,0,0,,,,,,0,0,,,,,
114,21500438,131,2,42,2,5:50 PM,11:45,MISS Barbosa 2' Driving Layup,,,,,4.0,2571,Leandro Barbosa,1610612744.0,Golden State,Warriors,GSW,0,0,,,,,,0,0,,,,,
115,21500438,132,4,0,2,5:50 PM,11:45,,,Love REBOUND (Off:0 Def:4),,,5.0,201567,Kevin Love,1610612739.0,Cleveland,Cavaliers,CLE,0,0,,,,,,0,0,,,,,
116,21500438,133,6,2,2,5:51 PM,11:23,Livingston S.FOUL (P1.T1) (M.Boland),,,,,4.0,2733,Shaun Livingston,1610612744.0,Golden State,Warriors,GSW,5,2590,Mo Williams,1610612739.0,Cleveland,Cavaliers,CLE,1,0,,,,,
117,21500438,134,3,13,2,5:51 PM,11:23,,,Williams Free Throw 1 of 3 (1 PTS),20 - 28,8,5.0,2590,Mo Williams,1610612739.0,Cleveland,Cavaliers,CLE,0,0,,,,,,0,0,,,,,
118,21500438,136,3,14,2,5:51 PM,11:23,,,Williams Free Throw 2 of 3 (2 PTS),21 - 28,7,5.0,2590,Mo Williams,1610612739.0,Cleveland,Cavaliers,CLE,0,0,,,,,,0,0,,,,,
119,21500438,138,3,15,2,5:52 PM,11:23,,,Williams Free Throw 3 of 3 (3 PTS),22 - 28,6,5.0,2590,Mo Williams,1610612739.0,Cleveland,Cavaliers,CLE,0,0,,,,,,0,0,,,,,
120,21500438,140,2,79,2,5:52 PM,11:13,MISS Livingston 16' Pullup Jump Shot,,,,,4.0,2733,Shaun Livingston,1610612744.0,Golden State,Warriors,GSW,0,0,,,,,,0,0,,,,,
121,21500438,141,4,0,2,5:52 PM,11:12,,,Thompson REBOUND (Off:1 Def:2),,,5.0,202684,Tristan Thompson,1610612739.0,Cleveland,Cavaliers,CLE,0,0,,,,,,0,0,,,,,
122,21500438,142,2,1,2,5:52 PM,10:52,Ezeli BLOCK (1 BLK),,MISS Shumpert 6' Jump Shot,,,5.0,202697,Iman Shumpert,1610612739.0,Cleveland,Cavaliers,CLE,0,0,,,,,,4,203105,Festus Ezeli,1610612744.0,Golden State,Warriors,GSW
123,21500438,143,4,0,2,5:52 PM,10:51,Ezeli REBOUND (Off:0 Def:1),,,,,4.0,203105,Festus Ezeli,1610612744.0,Golden State,Warriors,GSW,0,0,,,,,,0,0,,,,,
124,21500438,144,1,79,2,5:53 PM,10:36,Iguodala 27' 3PT Pullup Jump Shot (3 PTS) (Livingston 2 AST),,,22 - 31,9,4.0,2738,Andre Iguodala,1610612744.0,Golden State,Warriors,GSW,4,2733,Shaun Livingston,1610612744.0,Golden State,Warriors,GSW,0,0,,,,,
125,21500438,145,1,82,2,5:53 PM,10:19,,,Dellavedova 6' Driving Bank Shot (5 PTS),24 - 31,7,5.0,203521,Matthew Dellavedova,1610612739.0,Cleveland,Cavaliers,CLE,0,0,,,,,,0,0,,,,,
126,21500438,146,2,63,2,5:53 PM,9:57,MISS Speights 18' Fadeaway Jumper,,,,,4.0,201578,Marreese Speights,1610612744.0,Golden State,Warriors,GSW,0,0,,,,,,0,0,,,,,
127,21500438,147,4,0,2,5:53 PM,9:56,,,Thompson REBOUND (Off:1 Def:3),,,5.0,202684,Tristan Thompson,1610612739.0,Cleveland,Cavaliers,CLE,0,0,,,,,,0,0,,,,,
128,21500438,148,1,58,2,5:53 PM,9:48,,,Love 7' Turnaround Hook Shot (4 PTS) (Williams 1 AST),26 - 31,5,5.0,201567,Kevin Love,1610612739.0,Cleveland,Cavaliers,CLE,5,2590,Mo Williams,1610612739.0,Cleveland,Cavaliers,CLE,0,0,,,,,
129,21500438,149,5,4,2,5:54 PM,9:39,Ezeli Traveling Turnover (P1.T7),,,,,4.0,203105,Festus Ezeli,1610612744.0,Golden State,Warriors,GSW,0,0,,,,,,1,0,,,,,
130,21500438,150,9,1,2,5:54 PM,9:39,WARRIORS Timeout: Regular (Full 2 Short 0),,,,,2.0,1610612744,,,,,,0,0,,,,,,0,0,,,,,
131,21500438,152,8,0,2,5:56 PM,9:39,,,SUB: Irving FOR Dellavedova,,,5.0,203521,Matthew Dellavedova,1610612739.0,Cleveland,Cavaliers,CLE,5,202681,Kyrie Irving,1610612739.0,Cleveland,Cavaliers,CLE,0,0,,,,,
132,21500438,153,8,0,2,5:56 PM,9:39,,,SUB: James FOR Williams,,,5.0,2590,Mo Williams,1610612739.0,Cleveland,Cavaliers,CLE,5,2544,LeBron James,1610612739.0,Cleveland,Cavaliers,CLE,0,0,,,,,
133,21500438,154,8,0,2,5:56 PM,9:39,SUB: Thompson FOR Livingston,,,,,4.0,2733,Shaun Livingston,1610612744.0,Golden State,Warriors,GSW,4,202691,Klay Thompson,1610612744.0,Golden State,Warriors,GSW,0,0,,,,,
134,21500438,155,6,1,2,5:57 PM,9:31,Speights P.FOUL (P1.T2) (M.Boland),,,,,4.0,201578,Marreese Speights,1610612744.0,Golden State,Warriors,GSW,5,201567,Kevin Love,1610612739.0,Cleveland,Cavaliers,CLE,1,0,,,,,
135,21500438,156,5,1,2,5:57 PM,9:26,Speights STEAL (1 STL),,Irving Bad Pass Turnover (P2.T4),,,5.0,202681,Kyrie Irving,1610612739.0,Cleveland,Cavaliers,CLE,4,201578,Marreese Speights,1610612744.0,Golden State,Warriors,GSW,0,0,,,,,
136,21500438,157,2,1,2,5:57 PM,9:20,MISS Barbosa 4' Jump Shot,,,,,4.0,2571,Leandro Barbosa,1610612744.0,Golden State,Warriors,GSW,0,0,,,,,,0,0,,,,,
137,21500438,158,4,0,2,5:57 PM,9:19,,,James REBOUND (Off:0 Def:1),,,5.0,2544,LeBron James,1610612739.0,Cleveland,Cavaliers,CLE,0,0,,,,,,0,0,,,,,
138,21500438,159,1,1,2,5:58 PM,9:12,,,James 8' Jump Shot (6 PTS),28 - 31,3,5.0,2544,LeBron James,1610612739.0,Cleveland,Cavaliers,CLE,0,0,,,,,,0,0,,,,,
139,21500438,160,6,2,2,5:58 PM,9:12,Barbosa S.FOUL (P1.T3) (C.Kirkland),,,,,4.0,2571,Leandro Barbosa,1610612744.0,Golden State,Warriors,GSW,5,2544,LeBron James,1610612739.0,Cleveland,Cavaliers,CLE,1,0,,,,,
140,21500438,161,3,10,2,5:58 PM,9:12,,,James Free Throw 1 of 1 (7 PTS),29 - 31,2,5.0,2544,LeBron James,1610612739.0,Cleveland,Cavaliers,CLE,0,0,,,,,,0,0,,,,,
141,21500438,163,2,79,2,5:58 PM,8:58,MISS Iguodala 24' 3PT Pullup Jump Shot,,,,,4.0,2738,Andre Iguodala,1610612744.0,Golden State,Warriors,GSW,0,0,,,,,,0,0,,,,,
142,21500438,164,4,0,2,5:58 PM,8:58,,,Love REBOUND (Off:0 Def:5),,,5.0,201567,Kevin Love,1610612739.0,Cleveland,Cavaliers,CLE,0,0,,,,,,0,0,,,,,
143,21500438,165,5,45,2,5:58 PM,8:55,,,Love Out of Bounds - Bad Pass Turnover Turnover (P1.T5),,,5.0,201567,Kevin Love,1610612739.0,Cleveland,Cavaliers,CLE,0,0,,,,,,1,0,,,,,
144,21500438,166,6,4,2,5:58 PM,8:50,Speights OFF.Foul (P2) (M.Boland),,,,,4.0,201578,Marreese Speights,1610612744.0,Golden State,Warriors,GSW,5,201567,Kevin Love,1610612739.0,Cleveland,Cavaliers,CLE,1,0,,,,,
145,21500438,167,5,5,2,5:58 PM,8:50,Speights Foul Turnover (P1.T8),,,,,4.0,201578,Marreese Speights,1610612744.0,Golden State,Warriors,GSW,0,0,,,,,,1,0,,,,,
146,21500438,168,2,1,2,5:59 PM,8:39,,,MISS Love 25' 3PT Jump Shot,,,5.0,201567,Kevin Love,1610612739.0,Cleveland,Cavaliers,CLE,0,0,,,,,,0,0,,,,,
147,21500438,169,4,0,2,5:59 PM,8:37,Barbosa REBOUND (Off:0 Def:1),,,,,4.0,2571,Leandro Barbosa,1610612744.0,Golden State,Warriors,GSW,0,0,,,,,,0,0,,,,,
148,21500438,170,5,2,2,5:59 PM,8:32,Thompson Lost Ball Turnover (P1.T9),,Irving STEAL (1 STL),,,4.0,202691,Klay Thompson,1610612744.0,Golden State,Warriors,GSW,5,202681,Kyrie Irving,1610612739.0,Cleveland,Cavaliers,CLE,0,0,,,,,
149,21500438,171,6,2,2,5:59 PM,8:28,Barbosa S.FOUL (P2.T4) (S.Foster),,,,,4.0,2571,Leandro Barbosa,1610612744.0,Golden State,Warriors,GSW,5,202681,Kyrie Irving,1610612739.0,Cleveland,Cavaliers,CLE,1,0,,,,,
150,21500438,172,3,11,2,5:59 PM,8:28,,,Irving Free Throw 1 of 2 (3 PTS),30 - 31,1,5.0,202681,Kyrie Irving,1610612739.0,Cleveland,Cavaliers,CLE,0,0,,,,,,0,0,,,,,
151,21500438,174,8,0,2,6:00 PM,8:28,SUB: Rush FOR Iguodala,,,,,4.0,2738,Andre Iguodala,1610612744.0,Golden State,Warriors,GSW,4,201575,Brandon Rush,1610612744.0,Golden State,Warriors,GSW,0,0,,,,,
152,21500438,175,3,12,2,6:00 PM,8:28,,,Irving Free Throw 2 of 2 (4 PTS),31 - 31,TIE,5.0,202681,Kyrie Irving,1610612739.0,Cleveland,Cavaliers,CLE,0,0,,,,,,0,0,,,,,
153,21500438,177,1,58,2,6:00 PM,8:07,Ezeli 9' Turnaround Hook Shot (2 PTS),,,31 - 33,2,4.0,203105,Festus Ezeli,1610612744.0,Golden State,Warriors,GSW,0,0,,,,,,0,0,,,,,
154,21500438,178,2,1,2,6:00 PM,7:59,,,MISS Irving 25' 3PT Jump Shot,,,5.0,202681,Kyrie Irving,1610612739.0,Cleveland,Cavaliers,CLE,0,0,,,,,,0,0,,,,,
155,21500438,179,4,0,2,6:00 PM,7:58,Thompson REBOUND (Off:0 Def:2),,,,,4.0,202691,Klay Thompson,1610612744.0,Golden State,Warriors,GSW,0,0,,,,,,0,0,,,,,
156,21500438,180,2,73,2,6:01 PM,7:46,MISS Rush 2' Driving Reverse Layup,,,,,4.0,201575,Brandon Rush,1610612744.0,Golden State,Warriors,GSW,0,0,,,,,,0,0,,,,,
157,21500438,181,4,0,2,6:01 PM,7:45,,,Thompson REBOUND (Off:1 Def:4),,,5.0,202684,Tristan Thompson,1610612739.0,Cleveland,Cavaliers,CLE,0,0,,,,,,0,0,,,,,
158,21500438,182,5,8,2,6:01 PM,7:36,,,James 3 Second Violation Turnover (P2.T6),,,5.0,2544,LeBron James,1610612739.0,Cleveland,Cavaliers,CLE,0,0,,,,,,1,0,,,,,
159,21500438,183,8,0,2,6:01 PM,7:36,SUB: Green FOR Speights,,,,,4.0,201578,Marreese Speights,1610612744.0,Golden State,Warriors,GSW,4,203110,Draymond Green,1610612744.0,Golden State,Warriors,GSW,0,0,,,,,
160,21500438,184,2,1,2,6:01 PM,7:22,MISS Ezeli 13' Jump Shot,,,,,4.0,203105,Festus Ezeli,1610612744.0,Golden State,Warriors,GSW,0,0,,,,,,0,0,,,,,
161,21500438,185,4,0,2,6:01 PM,7:22,,,James REBOUND (Off:0 Def:2),,,5.0,2544,LeBron James,1610612739.0,Cleveland,Cavaliers,CLE,0,0,,,,,,0,0,,,,,
162,21500438,186,1,42,2,6:02 PM,7:05,,,James 3' Driving Layup (9 PTS),33 - 33,TIE,5.0,2544,LeBron James,1610612739.0,Cleveland,Cavaliers,CLE,0,0,,,,,,0,0,,,,,
163,21500438,187,6,2,2,6:02 PM,6:47,,,Thompson S.FOUL (P1.T1) (S.Foster),,,5.0,202684,Tristan Thompson,1610612739.0,Cleveland,Cavaliers,CLE,4,203110,Draymond Green,1610612744.0,Golden State,Warriors,GSW,1,0,,,,,
164,21500438,188,3,11,2,6:02 PM,6:47,MISS Green Free Throw 1 of 2,,,,,4.0,203110,Draymond Green,1610612744.0,Golden State,Warriors,GSW,0,0,,,,,,0,0,,,,,
165,21500438,189,4,1,2,6:02 PM,6:47,WARRIORS Rebound,,,,,2.0,1610612744,,,,,,0,0,,,,,,0,0,,,,,
166,21500438,190,8,0,2,6:02 PM,6:47,,,SUB: Smith FOR Shumpert,,,5.0,202697,Iman Shumpert,1610612739.0,Cleveland,Cavaliers,CLE,5,2747,JR Smith,1610612739.0,Cleveland,Cavaliers,CLE,0,0,,,,,
167,21500438,191,8,0,2,6:02 PM,6:47,SUB: Bogut FOR Ezeli,,,,,4.0,203105,Festus Ezeli,1610612744.0,Golden State,Warriors,GSW,4,101106,Andrew Bogut,1610612744.0,Golden State,Warriors,GSW,0,0,,,,,
168,21500438,192,8,0,2,6:03 PM,6:47,SUB: Livingston FOR Barbosa,,,,,4.0,2571,Leandro Barbosa,1610612744.0,Golden State,Warriors,GSW,4,2733,Shaun Livingston,1610612744.0,Golden State,Warriors,GSW,0,0,,,,,
169,21500438,193,3,12,2,6:03 PM,6:47,MISS Green Free Throw 2 of 2,,,,,4.0,203110,Draymond Green,1610612744.0,Golden State,Warriors,GSW,0,0,,,,,,0,0,,,,,
170,21500438,195,4,0,2,6:03 PM,6:46,,,Love REBOUND (Off:0 Def:6),,,5.0,201567,Kevin Love,1610612739.0,Cleveland,Cavaliers,CLE,0,0,,,,,,0,0,,,,,
171,21500438,196,2,86,2,6:03 PM,6:31,,,MISS James 12' Turnaround Fadeaway Shot,,,5.0,2544,LeBron James,1610612739.0,Cleveland,Cavaliers,CLE,0,0,,,,,,0,0,,,,,
172,21500438,197,4,0,2,6:03 PM,6:30,Green REBOUND (Off:0 Def:7),,,,,4.0,203110,Draymond Green,1610612744.0,Golden State,Warriors,GSW,0,0,,,,,,0,0,,,,,
173,21500438,198,1,71,2,6:03 PM,6:18,Thompson 2' Finger Roll Layup (4 PTS),,,33 - 35,2,4.0,202691,Klay Thompson,1610612744.0,Golden State,Warriors,GSW,0,0,,,,,,0,0,,,,,
174,21500438,199,1,5,2,6:03 PM,6:03,,,Thompson 2' Layup (4 PTS) (Irving 1 AST),35 - 35,TIE,5.0,202684,Tristan Thompson,1610612739.0,Cleveland,Cavaliers,CLE,5,202681,Kyrie Irving,1610612739.0,Cleveland,Cavaliers,CLE,0,0,,,,,
175,21500438,200,1,79,2,6:04 PM,5:42,Livingston 15' Pullup Jump Shot (6 PTS) (Green 4 AST),,,35 - 37,2,4.0,2733,Shaun Livingston,1610612744.0,Golden State,Warriors,GSW,4,203110,Draymond Green,1610612744.0,Golden State,Warriors,GSW,0,0,,,,,
176,21500438,201,6,17,2,6:04 PM,5:28,WARRIORS T.Foul (Def. 3 Sec Bogut ) (M.Boland),,,,,4.0,101106,Andrew Bogut,1610612744.0,Golden State,Warriors,GSW,0,0,,,,,,1,0,,,,,
177,21500438,202,9,4,2,6:04 PM,5:28,,,,,,1.0,0,,,,,,0,0,,,,,,0,0,,,,,
178,21500438,204,8,0,2,6:07 PM,5:28,SUB: Iguodala FOR Rush,,,,,4.0,201575,Brandon Rush,1610612744.0,Golden State,Warriors,GSW,4,2738,Andre Iguodala,1610612744.0,Golden State,Warriors,GSW,0,0,,,,,
179,21500438,205,8,0,2,6:07 PM,5:28,SUB: Curry FOR Livingston,,,,,4.0,2733,Shaun Livingston,1610612744.0,Golden State,Warriors,GSW,4,201939,Stephen Curry,1610612744.0,Golden State,Warriors,GSW,0,0,,,,,
180,21500438,206,3,16,2,6:07 PM,5:28,,,Irving Free Throw Technical (5 PTS),36 - 37,1,5.0,202681,Kyrie Irving,1610612739.0,Cleveland,Cavaliers,CLE,0,0,,,,,,0,0,,,,,
181,21500438,208,6,2,2,6:08 PM,5:18,Iguodala S.FOUL (P1.PN) (M.Boland),,,,,4.0,2738,Andre Iguodala,1610612744.0,Golden State,Warriors,GSW,5,2544,LeBron James,1610612739.0,Cleveland,Cavaliers,CLE,1,0,,,,,
182,21500438,209,3,11,2,6:08 PM,5:18,,,MISS James Free Throw 1 of 2,,,5.0,2544,LeBron James,1610612739.0,Cleveland,Cavaliers,CLE,0,0,,,,,,0,0,,,,,
183,21500438,210,4,1,2,6:08 PM,5:18,,,Cavaliers Rebound,,,3.0,1610612739,,,,,,0,0,,,,,,0,0,,,,,
184,21500438,211,3,12,2,6:08 PM,5:18,,,James Free Throw 2 of 2 (10 PTS),37 - 37,TIE,5.0,2544,LeBron James,1610612739.0,Cleveland,Cavaliers,CLE,0,0,,,,,,0,0,,,,,
185,21500438,213,6,1,2,6:08 PM,5:05,,,Smith P.FOUL (P3.T2) (M.Boland),,,5.0,2747,JR Smith,1610612739.0,Cleveland,Cavaliers,CLE,4,202691,Klay Thompson,1610612744.0,Golden State,Warriors,GSW,1,0,,,,,
186,21500438,214,8,0,2,6:09 PM,5:05,,,SUB: Dellavedova FOR Smith,,,5.0,2747,JR Smith,1610612739.0,Cleveland,Cavaliers,CLE,5,203521,Matthew Dellavedova,1610612739.0,Cleveland,Cavaliers,CLE,0,0,,,,,
187,21500438,215,2,86,2,6:09 PM,4:50,MISS Thompson 9' Turnaround Fadeaway Shot,,,,,4.0,202691,Klay Thompson,1610612744.0,Golden State,Warriors,GSW,0,0,,,,,,0,0,,,,,
188,21500438,216,4,0,2,6:09 PM,4:50,,,Love REBOUND (Off:0 Def:7),,,5.0,201567,Kevin Love,1610612739.0,Cleveland,Cavaliers,CLE,0,0,,,,,,0,0,,,,,
189,21500438,217,1,82,2,6:09 PM,4:33,,,Irving 4' Driving Bank Shot (7 PTS),39 - 37,-2,5.0,202681,Kyrie Irving,1610612739.0,Cleveland,Cavaliers,CLE,0,0,,,,,,0,0,,,,,
190,21500438,218,2,78,2,6:10 PM,4:21,MISS Green 8' Floating Jump Shot,,,,,4.0,203110,Draymond Green,1610612744.0,Golden State,Warriors,GSW,0,0,,,,,,0,0,,,,,
191,21500438,219,4,0,2,6:10 PM,4:20,,,James REBOUND (Off:0 Def:3),,,5.0,2544,LeBron James,1610612739.0,Cleveland,Cavaliers,CLE,0,0,,,,,,0,0,,,,,
192,21500438,220,2,1,2,6:10 PM,4:03,,,MISS Dellavedova  3PT Jump Shot,,,5.0,203521,Matthew Dellavedova,1610612739.0,Cleveland,Cavaliers,CLE,0,0,,,,,,0,0,,,,,
193,21500438,221,4,0,2,6:10 PM,4:03,,,Love REBOUND (Off:1 Def:7),,,5.0,201567,Kevin Love,1610612739.0,Cleveland,Cavaliers,CLE,0,0,,,,,,0,0,,,,,
194,21500438,222,2,1,2,6:10 PM,3:53,,,MISS Irving 24' 3PT Jump Shot,,,5.0,202681,Kyrie Irving,1610612739.0,Cleveland,Cavaliers,CLE,0,0,,,,,,0,0,,,,,
195,21500438,223,4,0,2,6:10 PM,3:53,,,Irving REBOUND (Off:2 Def:0),,,5.0,202681,Kyrie Irving,1610612739.0,Cleveland,Cavaliers,CLE,0,0,,,,,,0,0,,,,,
196,21500438,224,2,5,2,6:10 PM,3:50,,,MISS Irving 1' Layup,,,5.0,202681,Kyrie Irving,1610612739.0,Cleveland,Cavaliers,CLE,0,0,,,,,,0,0,,,,,
197,21500438,225,4,0,2,6:10 PM,3:50,,,Cavaliers Rebound,,,3.0,1610612739,,,,,,0,0,,,,,,0,0,,,,,
198,21500438,226,8,0,2,6:11 PM,3:50,,,SUB: Shumpert FOR Irving,,,5.0,202681,Kyrie Irving,1610612739.0,Cleveland,Cavaliers,CLE,5,202697,Iman Shumpert,1610612739.0,Cleveland,Cavaliers,CLE,0,0,,,,,
199,21500438,227,9,1,2,6:11 PM,3:50,,,Cavaliers Timeout: Regular (Reg.2 Short 0),,,3.0,1610612739,,,,,,0,0,,,,,,0,0,,,,,
200,21500438,229,2,85,2,6:14 PM,3:35,,,MISS Love 7' Turnaround Bank Shot,,,5.0,201567,Kevin Love,1610612739.0,Cleveland,Cavaliers,CLE,0,0,,,,,,0,0,,,,,
201,21500438,230,4,0,2,6:14 PM,3:34,,,James REBOUND (Off:1 Def:3),,,5.0,2544,LeBron James,1610612739.0,Cleveland,Cavaliers,CLE,0,0,,,,,,0,0,,,,,
202,21500438,231,2,7,2,6:14 PM,3:30,,,MISS James  Dunk,,,5.0,2544,LeBron James,1610612739.0,Cleveland,Cavaliers,CLE,0,0,,,,,,0,0,,,,,
203,21500438,232,4,0,2,6:14 PM,3:29,Bogut REBOUND (Off:1 Def:3),,,,,4.0,101106,Andrew Bogut,1610612744.0,Golden State,Warriors,GSW,0,0,,,,,,0,0,,,,,
204,21500438,233,5,45,2,6:14 PM,3:20,Curry Out of Bounds - Bad Pass Turnover Turnover (P1.T10),,,,,4.0,201939,Stephen Curry,1610612744.0,Golden State,Warriors,GSW,0,0,,,,,,1,0,,,,,
205,21500438,234,2,1,2,6:14 PM,3:05,,,MISS James 20' Jump Shot,,,5.0,2544,LeBron James,1610612739.0,Cleveland,Cavaliers,CLE,0,0,,,,,,0,0,,,,,
206,21500438,235,4,0,2,6:15 PM,3:04,Green REBOUND (Off:0 Def:8),,,,,4.0,203110,Draymond Green,1610612744.0,Golden State,Warriors,GSW,0,0,,,,,,0,0,,,,,
207,21500438,236,5,1,2,6:15 PM,2:54,Green Bad Pass Turnover (P4.T11),,Dellavedova STEAL (1 STL),,,4.0,203110,Draymond Green,1610612744.0,Golden State,Warriors,GSW,5,203521,Matthew Dellavedova,1610612739.0,Cleveland,Cavaliers,CLE,0,0,,,,,
208,21500438,237,6,2,2,6:15 PM,2:38,Thompson S.FOUL (P1.PN) (S.Foster),,,,,4.0,202691,Klay Thompson,1610612744.0,Golden State,Warriors,GSW,5,2544,LeBron James,1610612739.0,Cleveland,Cavaliers,CLE,1,0,,,,,
209,21500438,238,3,11,2,6:15 PM,2:38,,,MISS James Free Throw 1 of 2,,,5.0,2544,LeBron James,1610612739.0,Cleveland,Cavaliers,CLE,0,0,,,,,,0,0,,,,,
210,21500438,239,4,1,2,6:15 PM,2:38,,,Cavaliers Rebound,,,3.0,1610612739,,,,,,0,0,,,,,,0,0,,,,,
211,21500438,240,3,12,2,6:16 PM,2:38,,,James Free Throw 2 of 2 (11 PTS),40 - 37,-3,5.0,2544,LeBron James,1610612739.0,Cleveland,Cavaliers,CLE,0,0,,,,,,0,0,,,,,
212,21500438,242,2,1,2,6:16 PM,2:25,MISS Iguodala  3PT Jump Shot,,,,,4.0,2738,Andre Iguodala,1610612744.0,Golden State,Warriors,GSW,0,0,,,,,,0,0,,,,,
213,21500438,243,4,0,2,6:16 PM,2:25,Bogut REBOUND (Off:2 Def:3),,,,,4.0,101106,Andrew Bogut,1610612744.0,Golden State,Warriors,GSW,0,0,,,,,,0,0,,,,,
214,21500438,244,6,1,2,6:16 PM,2:25,,,Thompson P.FOUL (P2.T3) (S.Foster),,,5.0,202684,Tristan Thompson,1610612739.0,Cleveland,Cavaliers,CLE,4,101106,Andrew Bogut,1610612744.0,Golden State,Warriors,GSW,1,0,,,,,
215,21500438,245,8,0,2,6:16 PM,2:25,,,SUB: Mozgov FOR Thompson,,,5.0,202684,Tristan Thompson,1610612739.0,Cleveland,Cavaliers,CLE,5,202389,Timofey Mozgov,1610612739.0,Cleveland,Cavaliers,CLE,0,0,,,,,
216,21500438,246,1,42,2,6:17 PM,2:15,Green 2' Driving Layup (12 PTS) (Iguodala 1 AST),,,40 - 39,-1,4.0,203110,Draymond Green,1610612744.0,Golden State,Warriors,GSW,4,2738,Andre Iguodala,1610612744.0,Golden State,Warriors,GSW,0,0,,,,,
217,21500438,247,2,80,2,6:17 PM,1:50,,,MISS James 26' 3PT Step Back Jump Shot,,,5.0,2544,LeBron James,1610612739.0,Cleveland,Cavaliers,CLE,0,0,,,,,,0,0,,,,,
218,21500438,248,4,0,2,6:17 PM,1:50,WARRIORS Rebound,,,,,2.0,1610612744,,,,,,0,0,,,,,,0,0,,,,,
219,21500438,249,6,2,2,6:17 PM,1:42,,,Shumpert S.FOUL (P1.T4) (C.Kirkland),,,5.0,202697,Iman Shumpert,1610612739.0,Cleveland,Cavaliers,CLE,4,202691,Klay Thompson,1610612744.0,Golden State,Warriors,GSW,1,0,,,,,
220,21500438,250,3,11,2,6:18 PM,1:42,Thompson Free Throw 1 of 2 (5 PTS),,,40 - 40,TIE,4.0,202691,Klay Thompson,1610612744.0,Golden State,Warriors,GSW,0,0,,,,,,0,0,,,,,
221,21500438,252,3,12,2,6:18 PM,1:42,Thompson Free Throw 2 of 2 (6 PTS),,,40 - 41,1,4.0,202691,Klay Thompson,1610612744.0,Golden State,Warriors,GSW,0,0,,,,,,0,0,,,,,
222,21500438,254,2,5,2,6:18 PM,1:28,,,MISS James 2' Layup,,,5.0,2544,LeBron James,1610612739.0,Cleveland,Cavaliers,CLE,0,0,,,,,,0,0,,,,,
223,21500438,255,4,0,2,6:18 PM,1:28,Curry REBOUND (Off:0 Def:2),,,,,4.0,201939,Stephen Curry,1610612744.0,Golden State,Warriors,GSW,0,0,,,,,,0,0,,,,,
224,21500438,256,6,1,2,6:19 PM,1:13,,,Shumpert P.FOUL (P2.PN) (C.Kirkland),,,5.0,202697,Iman Shumpert,1610612739.0,Cleveland,Cavaliers,CLE,4,201939,Stephen Curry,1610612744.0,Golden State,Warriors,GSW,1,0,,,,,
225,21500438,257,3,11,2,6:19 PM,1:13,Curry Free Throw 1 of 2 (9 PTS),,,40 - 42,2,4.0,201939,Stephen Curry,1610612744.0,Golden State,Warriors,GSW,0,0,,,,,,0,0,,,,,
226,21500438,259,3,12,2,6:19 PM,1:13,Curry Free Throw 2 of 2 (10 PTS),,,40 - 43,3,4.0,201939,Stephen Curry,1610612744.0,Golden State,Warriors,GSW,0,0,,,,,,0,0,,,,,
227,21500438,263,9,2,2,6:20 PM,0:55,,,Cavaliers Timeout: Short (Reg.2 Short 1),,,3.0,1610612739,,,,,,0,0,,,,,,0,0,,,,,
228,21500438,265,8,0,2,6:21 PM,0:55,,,SUB: Williams FOR Shumpert,,,5.0,202697,Iman Shumpert,1610612739.0,Cleveland,Cavaliers,CLE,5,2590,Mo Williams,1610612739.0,Cleveland,Cavaliers,CLE,0,0,,,,,
229,21500438,266,8,0,2,6:21 PM,0:55,SUB: Ezeli FOR Bogut,,,,,4.0,101106,Andrew Bogut,1610612744.0,Golden State,Warriors,GSW,4,203105,Festus Ezeli,1610612744.0,Golden State,Warriors,GSW,0,0,,,,,
230,21500438,267,1,5,2,6:21 PM,0:54,,,Dellavedova 2' Layup (7 PTS) (James 1 AST),42 - 43,1,5.0,203521,Matthew Dellavedova,1610612739.0,Cleveland,Cavaliers,CLE,5,2544,LeBron James,1610612739.0,Cleveland,Cavaliers,CLE,0,0,,,,,
231,21500438,268,2,1,2,6:21 PM,0:41,MISS Green 12' Jump Shot,,,,,4.0,203110,Draymond Green,1610612744.0,Golden State,Warriors,GSW,0,0,,,,,,0,0,,,,,
232,21500438,270,4,0,2,6:21 PM,0:41,Thompson REBOUND (Off:1 Def:2),,,,,4.0,202691,Klay Thompson,1610612744.0,Golden State,Warriors,GSW,0,0,,,,,,0,0,,,,,
233,21500438,269,1,97,2,6:21 PM,0:41,Thompson 2' Tip Layup Shot (8 PTS),,,42 - 45,3,4.0,202691,Klay Thompson,1610612744.0,Golden State,Warriors,GSW,0,0,,,,,,0,0,,,,,
234,21500438,271,2,46,2,6:22 PM,0:31,,,MISS Dellavedova 10' Running Jump Shot,,,5.0,203521,Matthew Dellavedova,1610612739.0,Cleveland,Cavaliers,CLE,0,0,,,,,,0,0,,,,,
235,21500438,272,4,0,2,6:22 PM,0:31,Ezeli REBOUND (Off:0 Def:2),,,,,4.0,203105,Festus Ezeli,1610612744.0,Golden State,Warriors,GSW,0,0,,,,,,0,0,,,,,
236,21500438,273,2,79,2,6:22 PM,0:11,MISS Green 26' 3PT Pullup Jump Shot,,,,,4.0,203110,Draymond Green,1610612744.0,Golden State,Warriors,GSW,0,0,,,,,,0,0,,,,,
237,21500438,274,4,0,2,6:22 PM,0:11,,,Cavaliers Rebound,,,3.0,1610612739,,,,,,0,0,,,,,,0,0,,,,,
238,21500438,275,2,1,2,6:22 PM,0:03,,,MISS Love  3PT Jump Shot,,,5.0,201567,Kevin Love,1610612739.0,Cleveland,Cavaliers,CLE,0,0,,,,,,0,0,,,,,
239,21500438,276,4,0,2,6:22 PM,0:02,Curry REBOUND (Off:0 Def:3),,,,,4.0,201939,Stephen Curry,1610612744.0,Golden State,Warriors,GSW,0,0,,,,,,0,0,,,,,
240,21500438,277,2,1,2,6:22 PM,0:01,MISS Curry 71' 3PT Jump Shot,,,,,4.0,201939,Stephen Curry,1610612744.0,Golden State,Warriors,GSW,0,0,,,,,,0,0,,,,,
241,21500438,278,4,0,2,6:23 PM,0:00,WARRIORS Rebound,,,,,2.0,1610612744,,,,,,0,0,,,,,,0,0,,,,,
242,21500438,279,13,0,2,6:23 PM,0:00,,,,42 - 45,3,0.0,0,,,,,,0,0,,,,,,0,0,,,,,
243,21500438,281,12,0,3,6:40 PM,12:00,,,,42 - 45,3,0.0,0,,,,,,0,0,,,,,,0,0,,,,,
244,21500438,282,5,45,3,6:40 PM,11:48,Curry Out of Bounds - Bad Pass Turnover Turnover (P2.T12),,,,,4.0,201939,Stephen Curry,1610612744.0,Golden State,Warriors,GSW,0,0,,,,,,1,0,,,,,
245,21500438,283,1,79,3,6:41 PM,11:31,,,Irving 20' Pullup Jump Shot (9 PTS),44 - 45,1,5.0,202681,Kyrie Irving,1610612739.0,Cleveland,Cavaliers,CLE,0,0,,,,,,0,0,,,,,
246,21500438,284,6,2,3,6:41 PM,11:20,,,Mozgov S.FOUL (P2.T1) (C.Kirkland),,,5.0,202389,Timofey Mozgov,1610612739.0,Cleveland,Cavaliers,CLE,4,202691,Klay Thompson,1610612744.0,Golden State,Warriors,GSW,1,0,,,,,
247,21500438,285,3,11,3,6:41 PM,11:20,Thompson Free Throw 1 of 2 (9 PTS),,,44 - 46,2,4.0,202691,Klay Thompson,1610612744.0,Golden State,Warriors,GSW,0,0,,,,,,0,0,,,,,
248,21500438,287,3,12,3,6:41 PM,11:20,Thompson Free Throw 2 of 2 (10 PTS),,,44 - 47,3,4.0,202691,Klay Thompson,1610612744.0,Golden State,Warriors,GSW,0,0,,,,,,0,0,,,,,
249,21500438,289,2,1,3,6:42 PM,11:04,,,MISS Irving 25' 3PT Jump Shot,,,5.0,202681,Kyrie Irving,1610612739.0,Cleveland,Cavaliers,CLE,0,0,,,,,,0,0,,,,,
250,21500438,290,4,0,3,6:42 PM,11:03,Green REBOUND (Off:0 Def:9),,,,,4.0,203110,Draymond Green,1610612744.0,Golden State,Warriors,GSW,0,0,,,,,,0,0,,,,,
251,21500438,291,2,1,3,6:42 PM,10:54,MISS Thompson 12' Jump Shot,,,,,4.0,202691,Klay Thompson,1610612744.0,Golden State,Warriors,GSW,0,0,,,,,,0,0,,,,,
252,21500438,292,4,0,3,6:42 PM,10:53,,,Love REBOUND (Off:1 Def:8),,,5.0,201567,Kevin Love,1610612739.0,Cleveland,Cavaliers,CLE,0,0,,,,,,0,0,,,,,
253,21500438,293,2,42,3,6:42 PM,10:40,,,MISS Mozgov 2' Driving Layup,,,5.0,202389,Timofey Mozgov,1610612739.0,Cleveland,Cavaliers,CLE,0,0,,,,,,0,0,,,,,
254,21500438,294,4,0,3,6:42 PM,10:40,Curry REBOUND (Off:0 Def:4),,,,,4.0,201939,Stephen Curry,1610612744.0,Golden State,Warriors,GSW,0,0,,,,,,0,0,,,,,
255,21500438,295,1,79,3,6:42 PM,10:33,Thompson 25' 3PT Pullup Jump Shot (13 PTS) (Curry 4 AST),,,44 - 50,6,4.0,202691,Klay Thompson,1610612744.0,Golden State,Warriors,GSW,4,201939,Stephen Curry,1610612744.0,Golden State,Warriors,GSW,0,0,,,,,
256,21500438,296,1,42,3,6:43 PM,10:07,,,Love 2' Driving Layup (6 PTS),46 - 50,4,5.0,201567,Kevin Love,1610612739.0,Cleveland,Cavaliers,CLE,0,0,,,,,,0,0,,,,,
257,21500438,297,2,47,3,6:43 PM,9:48,MISS Rush 13' Turnaround Jump Shot,,,,,4.0,201575,Brandon Rush,1610612744.0,Golden State,Warriors,GSW,0,0,,,,,,0,0,,,,,
258,21500438,298,4,0,3,6:43 PM,9:46,Thompson REBOUND (Off:2 Def:2),,,,,4.0,202691,Klay Thompson,1610612744.0,Golden State,Warriors,GSW,0,0,,,,,,0,0,,,,,
259,21500438,299,1,1,3,6:43 PM,9:45,Thompson 8' Jump Shot (15 PTS),,,46 - 52,6,4.0,202691,Klay Thompson,1610612744.0,Golden State,Warriors,GSW,0,0,,,,,,0,0,,,,,
260,21500438,300,5,2,3,6:43 PM,9:25,Rush STEAL (1 STL),,James Lost Ball Turnover (P3.T7),,,5.0,2544,LeBron James,1610612739.0,Cleveland,Cavaliers,CLE,4,201575,Brandon Rush,1610612744.0,Golden State,Warriors,GSW,0,0,,,,,
261,21500438,301,1,49,3,6:43 PM,9:18,Green  Driving Dunk (14 PTS) (Curry 5 AST),,,46 - 54,8,4.0,203110,Draymond Green,1610612744.0,Golden State,Warriors,GSW,4,201939,Stephen Curry,1610612744.0,Golden State,Warriors,GSW,0,0,,,,,
262,21500438,302,2,5,3,6:44 PM,8:56,Bogut BLOCK (3 BLK),,MISS Mozgov 2' Layup,,,5.0,202389,Timofey Mozgov,1610612739.0,Cleveland,Cavaliers,CLE,0,0,,,,,,4,101106,Andrew Bogut,1610612744.0,Golden State,Warriors,GSW
263,21500438,303,4,0,3,6:44 PM,8:56,,,Cavaliers Rebound,,,3.0,1610612739,,,,,,0,0,,,,,,0,0,,,,,
264,21500438,304,9,1,3,6:44 PM,8:56,,,Cavaliers Timeout: Regular (Reg.3 Short 1),,,3.0,1610612739,,,,,,0,0,,,,,,0,0,,,,,
265,21500438,306,2,1,3,6:47 PM,8:53,,,MISS Love 27' 3PT Jump Shot,,,5.0,201567,Kevin Love,1610612739.0,Cleveland,Cavaliers,CLE,0,0,,,,,,0,0,,,,,
266,21500438,307,4,0,3,6:47 PM,8:52,,,Mozgov REBOUND (Off:3 Def:0),,,5.0,202389,Timofey Mozgov,1610612739.0,Cleveland,Cavaliers,CLE,0,0,,,,,,0,0,,,,,
267,21500438,308,1,45,3,6:47 PM,8:27,,,James 26' 3PT Jump Shot (14 PTS),49 - 54,5,5.0,2544,LeBron James,1610612739.0,Cleveland,Cavaliers,CLE,0,0,,,,,,0,0,,,,,
268,21500438,309,2,42,3,6:48 PM,7:59,MISS Rush 3' Driving Layup,,,,,4.0,201575,Brandon Rush,1610612744.0,Golden State,Warriors,GSW,0,0,,,,,,0,0,,,,,
269,21500438,310,4,0,3,6:48 PM,7:58,,,James REBOUND (Off:1 Def:4),,,5.0,2544,LeBron James,1610612739.0,Cleveland,Cavaliers,CLE,0,0,,,,,,0,0,,,,,
270,21500438,311,6,1,3,6:48 PM,7:55,Bogut P.FOUL (P1.T1) (S.Foster),,,,,4.0,101106,Andrew Bogut,1610612744.0,Golden State,Warriors,GSW,5,202389,Timofey Mozgov,1610612739.0,Cleveland,Cavaliers,CLE,1,0,,,,,
271,21500438,312,2,79,3,6:49 PM,7:37,,,MISS James 25' 3PT Pullup Jump Shot,,,5.0,2544,LeBron James,1610612739.0,Cleveland,Cavaliers,CLE,0,0,,,,,,0,0,,,,,
272,21500438,313,4,0,3,6:49 PM,7:36,,,Irving REBOUND (Off:3 Def:0),,,5.0,202681,Kyrie Irving,1610612739.0,Cleveland,Cavaliers,CLE,0,0,,,,,,0,0,,,,,
273,21500438,314,2,79,3,6:49 PM,7:32,,,MISS Irving 16' Pullup Jump Shot,,,5.0,202681,Kyrie Irving,1610612739.0,Cleveland,Cavaliers,CLE,0,0,,,,,,0,0,,,,,
274,21500438,315,4,0,3,6:49 PM,7:30,Rush REBOUND (Off:0 Def:2),,,,,4.0,201575,Brandon Rush,1610612744.0,Golden State,Warriors,GSW,0,0,,,,,,0,0,,,,,
275,21500438,316,2,1,3,6:49 PM,7:16,MISS Rush 26' 3PT Jump Shot,,,,,4.0,201575,Brandon Rush,1610612744.0,Golden State,Warriors,GSW,0,0,,,,,,0,0,,,,,
276,21500438,317,4,0,3,6:49 PM,7:15,Bogut REBOUND (Off:3 Def:3),,,,,4.0,101106,Andrew Bogut,1610612744.0,Golden State,Warriors,GSW,0,0,,,,,,0,0,,,,,
277,21500438,318,1,75,3,6:49 PM,7:07,Curry 2' Driving Finger Roll Layup (12 PTS),,,49 - 56,7,4.0,201939,Stephen Curry,1610612744.0,Golden State,Warriors,GSW,0,0,,,,,,0,0,,,,,
278,21500438,319,6,2,3,6:49 PM,7:07,,,Mozgov S.FOUL (P3.T2) (C.Kirkland),,,5.0,202389,Timofey Mozgov,1610612739.0,Cleveland,Cavaliers,CLE,4,201939,Stephen Curry,1610612744.0,Golden State,Warriors,GSW,1,0,,,,,
279,21500438,320,8,0,3,6:49 PM,7:07,,,SUB: Thompson FOR Mozgov,,,5.0,202389,Timofey Mozgov,1610612739.0,Cleveland,Cavaliers,CLE,5,202684,Tristan Thompson,1610612739.0,Cleveland,Cavaliers,CLE,0,0,,,,,
280,21500438,321,3,10,3,6:49 PM,7:07,Curry Free Throw 1 of 1 (13 PTS),,,49 - 57,8,4.0,201939,Stephen Curry,1610612744.0,Golden State,Warriors,GSW,0,0,,,,,,0,0,,,,,
281,21500438,323,1,5,3,6:50 PM,6:54,,,James 1' Layup (16 PTS) (Love 3 AST),51 - 57,6,5.0,2544,LeBron James,1610612739.0,Cleveland,Cavaliers,CLE,5,201567,Kevin Love,1610612739.0,Cleveland,Cavaliers,CLE,0,0,,,,,
282,21500438,324,2,1,3,6:50 PM,6:37,MISS Thompson 6' Jump Shot,,,,,4.0,202691,Klay Thompson,1610612744.0,Golden State,Warriors,GSW,0,0,,,,,,0,0,,,,,
283,21500438,325,4,0,3,6:50 PM,6:36,,,Love REBOUND (Off:1 Def:9),,,5.0,201567,Kevin Love,1610612739.0,Cleveland,Cavaliers,CLE,0,0,,,,,,0,0,,,,,
284,21500438,326,2,5,3,6:50 PM,6:27,Bogut BLOCK (4 BLK),,MISS Irving 3' Layup,,,5.0,202681,Kyrie Irving,1610612739.0,Cleveland,Cavaliers,CLE,0,0,,,,,,4,101106,Andrew Bogut,1610612744.0,Golden State,Warriors,GSW
285,21500438,327,4,0,3,6:50 PM,6:26,,,Thompson REBOUND (Off:2 Def:4),,,5.0,202684,Tristan Thompson,1610612739.0,Cleveland,Cavaliers,CLE,0,0,,,,,,0,0,,,,,
286,21500438,328,1,1,3,6:50 PM,6:23,,,Smith 26' 3PT Jump Shot (9 PTS) (Thompson 1 AST),54 - 57,3,5.0,2747,JR Smith,1610612739.0,Cleveland,Cavaliers,CLE,5,202684,Tristan Thompson,1610612739.0,Cleveland,Cavaliers,CLE,0,0,,,,,
287,21500438,329,2,79,3,6:51 PM,6:15,MISS Curry 20' Pullup Jump Shot,,,,,4.0,201939,Stephen Curry,1610612744.0,Golden State,Warriors,GSW,0,0,,,,,,0,0,,,,,
288,21500438,330,4,0,3,6:51 PM,6:14,,,Love REBOUND (Off:1 Def:10),,,5.0,201567,Kevin Love,1610612739.0,Cleveland,Cavaliers,CLE,0,0,,,,,,0,0,,,,,
289,21500438,331,2,1,3,6:51 PM,6:07,,,MISS Smith 25' 3PT Jump Shot,,,5.0,2747,JR Smith,1610612739.0,Cleveland,Cavaliers,CLE,0,0,,,,,,0,0,,,,,
290,21500438,332,4,0,3,6:51 PM,6:06,Green REBOUND (Off:0 Def:10),,,,,4.0,203110,Draymond Green,1610612744.0,Golden State,Warriors,GSW,0,0,,,,,,0,0,,,,,
291,21500438,333,2,1,3,6:51 PM,5:59,MISS Rush 26' 3PT Jump Shot,,,,,4.0,201575,Brandon Rush,1610612744.0,Golden State,Warriors,GSW,0,0,,,,,,0,0,,,,,
292,21500438,334,4,0,3,6:51 PM,5:58,,,James REBOUND (Off:1 Def:5),,,5.0,2544,LeBron James,1610612739.0,Cleveland,Cavaliers,CLE,0,0,,,,,,0,0,,,,,
293,21500438,335,2,1,3,6:51 PM,5:49,,,MISS Smith 27' 3PT Jump Shot,,,5.0,2747,JR Smith,1610612739.0,Cleveland,Cavaliers,CLE,0,0,,,,,,0,0,,,,,
294,21500438,336,4,0,3,6:51 PM,5:48,Thompson REBOUND (Off:2 Def:3),,,,,4.0,202691,Klay Thompson,1610612744.0,Golden State,Warriors,GSW,0,0,,,,,,0,0,,,,,
295,21500438,337,5,4,3,6:51 PM,5:41,Curry Traveling Turnover (P3.T13),,,,,4.0,201939,Stephen Curry,1610612744.0,Golden State,Warriors,GSW,0,0,,,,,,1,0,,,,,
296,21500438,338,6,1,3,6:52 PM,5:31,Curry P.FOUL (P2.T2) (C.Kirkland),,,,,4.0,201939,Stephen Curry,1610612744.0,Golden State,Warriors,GSW,5,2747,JR Smith,1610612739.0,Cleveland,Cavaliers,CLE,1,0,,,,,
297,21500438,339,8,0,3,6:52 PM,5:31,SUB: Iguodala FOR Rush,,,,,4.0,201575,Brandon Rush,1610612744.0,Golden State,Warriors,GSW,4,2738,Andre Iguodala,1610612744.0,Golden State,Warriors,GSW,0,0,,,,,
298,21500438,340,8,0,3,6:52 PM,5:31,,,SUB: Shumpert FOR Irving,,,5.0,202681,Kyrie Irving,1610612739.0,Cleveland,Cavaliers,CLE,5,202697,Iman Shumpert,1610612739.0,Cleveland,Cavaliers,CLE,0,0,,,,,
299,21500438,341,8,0,3,6:52 PM,5:31,,,SUB: Dellavedova FOR James,,,5.0,2544,LeBron James,1610612739.0,Cleveland,Cavaliers,CLE,5,203521,Matthew Dellavedova,1610612739.0,Cleveland,Cavaliers,CLE,0,0,,,,,
300,21500438,342,5,45,3,6:52 PM,5:20,,,Smith Out of Bounds - Bad Pass Turnover Turnover (P1.T8),,,5.0,2747,JR Smith,1610612739.0,Cleveland,Cavaliers,CLE,0,0,,,,,,1,0,,,,,
301,21500438,343,1,1,3,6:53 PM,5:07,Curry 3' Jump Shot (15 PTS) (Green 5 AST),,,54 - 59,5,4.0,201939,Stephen Curry,1610612744.0,Golden State,Warriors,GSW,4,203110,Draymond Green,1610612744.0,Golden State,Warriors,GSW,0,0,,,,,
302,21500438,344,2,3,3,6:53 PM,4:37,,,MISS Love 7' Hook Shot,,,5.0,201567,Kevin Love,1610612739.0,Cleveland,Cavaliers,CLE,0,0,,,,,,0,0,,,,,
303,21500438,346,4,0,3,6:53 PM,4:36,,,Thompson REBOUND (Off:3 Def:4),,,5.0,202684,Tristan Thompson,1610612739.0,Cleveland,Cavaliers,CLE,0,0,,,,,,0,0,,,,,
304,21500438,345,1,72,3,6:53 PM,4:36,,,Thompson 2' Putback Layup (6 PTS),56 - 59,3,5.0,202684,Tristan Thompson,1610612739.0,Cleveland,Cavaliers,CLE,0,0,,,,,,0,0,,,,,
305,21500438,347,2,1,3,6:53 PM,4:27,MISS Thompson 19' Jump Shot,,,,,4.0,202691,Klay Thompson,1610612744.0,Golden State,Warriors,GSW,0,0,,,,,,0,0,,,,,
306,21500438,348,4,0,3,6:53 PM,4:26,,,Dellavedova REBOUND (Off:0 Def:1),,,5.0,203521,Matthew Dellavedova,1610612739.0,Cleveland,Cavaliers,CLE,0,0,,,,,,0,0,,,,,
307,21500438,349,2,1,3,6:54 PM,4:11,,,MISS Thompson 5' Jump Shot,,,5.0,202684,Tristan Thompson,1610612739.0,Cleveland,Cavaliers,CLE,0,0,,,,,,0,0,,,,,
308,21500438,350,4,0,3,6:54 PM,4:10,Green REBOUND (Off:0 Def:11),,,,,4.0,203110,Draymond Green,1610612744.0,Golden State,Warriors,GSW,0,0,,,,,,0,0,,,,,
309,21500438,351,2,46,3,6:54 PM,4:03,MISS Green 3' Running Jump Shot,,,,,4.0,203110,Draymond Green,1610612744.0,Golden State,Warriors,GSW,0,0,,,,,,0,0,,,,,
310,21500438,352,4,0,3,6:54 PM,4:03,,,Love REBOUND (Off:1 Def:11),,,5.0,201567,Kevin Love,1610612739.0,Cleveland,Cavaliers,CLE,0,0,,,,,,0,0,,,,,
311,21500438,353,2,66,3,6:54 PM,3:52,,,MISS Dellavedova 6' Jump Bank Shot,,,5.0,203521,Matthew Dellavedova,1610612739.0,Cleveland,Cavaliers,CLE,0,0,,,,,,0,0,,,,,
312,21500438,354,4,0,3,6:54 PM,3:51,Green REBOUND (Off:0 Def:12),,,,,4.0,203110,Draymond Green,1610612744.0,Golden State,Warriors,GSW,0,0,,,,,,0,0,,,,,
313,21500438,355,1,5,3,6:54 PM,3:36,Green 3' Layup (16 PTS) (Curry 6 AST),,,56 - 61,5,4.0,203110,Draymond Green,1610612744.0,Golden State,Warriors,GSW,4,201939,Stephen Curry,1610612744.0,Golden State,Warriors,GSW,0,0,,,,,
314,21500438,356,2,79,3,6:54 PM,3:16,,,MISS Dellavedova 18' Pullup Jump Shot,,,5.0,203521,Matthew Dellavedova,1610612739.0,Cleveland,Cavaliers,CLE,0,0,,,,,,0,0,,,,,
315,21500438,357,4,0,3,6:54 PM,3:16,Bogut REBOUND (Off:3 Def:4),,,,,4.0,101106,Andrew Bogut,1610612744.0,Golden State,Warriors,GSW,0,0,,,,,,0,0,,,,,
316,21500438,358,2,1,3,6:55 PM,3:05,MISS Curry 26' 3PT Jump Shot,,,,,4.0,201939,Stephen Curry,1610612744.0,Golden State,Warriors,GSW,0,0,,,,,,0,0,,,,,
317,21500438,359,4,0,3,6:55 PM,3:04,,,Thompson REBOUND (Off:3 Def:5),,,5.0,202684,Tristan Thompson,1610612739.0,Cleveland,Cavaliers,CLE,0,0,,,,,,0,0,,,,,
318,21500438,360,2,5,3,6:55 PM,2:47,,,MISS Smith 3' Layup,,,5.0,2747,JR Smith,1610612739.0,Cleveland,Cavaliers,CLE,0,0,,,,,,0,0,,,,,
319,21500438,361,4,0,3,6:55 PM,2:47,WARRIORS Rebound,,,,,2.0,1610612744,,,,,,0,0,,,,,,0,0,,,,,
320,21500438,362,9,1,3,6:55 PM,2:47,WARRIORS Timeout: Regular (Full 3 Short 0),,,,,2.0,1610612744,,,,,,0,0,,,,,,0,0,,,,,
321,21500438,363,8,0,3,6:58 PM,2:47,SUB: Ezeli FOR Bogut,,,,,4.0,101106,Andrew Bogut,1610612744.0,Golden State,Warriors,GSW,4,203105,Festus Ezeli,1610612744.0,Golden State,Warriors,GSW,0,0,,,,,
322,21500438,364,8,0,3,6:58 PM,2:47,SUB: Livingston FOR Thompson,,,,,4.0,202691,Klay Thompson,1610612744.0,Golden State,Warriors,GSW,4,2733,Shaun Livingston,1610612744.0,Golden State,Warriors,GSW,0,0,,,,,
323,21500438,365,8,0,3,6:58 PM,2:47,,,SUB: James FOR Love,,,5.0,201567,Kevin Love,1610612739.0,Cleveland,Cavaliers,CLE,5,2544,LeBron James,1610612739.0,Cleveland,Cavaliers,CLE,0,0,,,,,
324,21500438,366,6,2,3,6:58 PM,2:31,,,Shumpert S.FOUL (P3.T3) (M.Boland),,,5.0,202697,Iman Shumpert,1610612739.0,Cleveland,Cavaliers,CLE,4,203105,Festus Ezeli,1610612744.0,Golden State,Warriors,GSW,1,0,,,,,
325,21500438,367,3,11,3,6:59 PM,2:31,MISS Ezeli Free Throw 1 of 2,,,,,4.0,203105,Festus Ezeli,1610612744.0,Golden State,Warriors,GSW,0,0,,,,,,0,0,,,,,
326,21500438,368,4,1,3,6:59 PM,2:31,WARRIORS Rebound,,,,,2.0,1610612744,,,,,,0,0,,,,,,0,0,,,,,
327,21500438,369,3,12,3,6:59 PM,2:31,Ezeli Free Throw 2 of 2 (3 PTS),,,56 - 62,6,4.0,203105,Festus Ezeli,1610612744.0,Golden State,Warriors,GSW,0,0,,,,,,0,0,,,,,
328,21500438,371,6,2,3,7:00 PM,2:09,Curry S.FOUL (P3.T3) (M.Boland),,,,,4.0,201939,Stephen Curry,1610612744.0,Golden State,Warriors,GSW,5,203521,Matthew Dellavedova,1610612739.0,Cleveland,Cavaliers,CLE,1,0,,,,,
329,21500438,372,3,11,3,7:00 PM,2:09,,,Dellavedova Free Throw 1 of 2 (8 PTS),57 - 62,5,5.0,203521,Matthew Dellavedova,1610612739.0,Cleveland,Cavaliers,CLE,0,0,,,,,,0,0,,,,,
330,21500438,374,3,12,3,7:00 PM,2:09,,,MISS Dellavedova Free Throw 2 of 2,,,5.0,203521,Matthew Dellavedova,1610612739.0,Cleveland,Cavaliers,CLE,0,0,,,,,,0,0,,,,,
331,21500438,376,4,0,3,7:00 PM,2:09,Ezeli REBOUND (Off:0 Def:3),,,,,4.0,203105,Festus Ezeli,1610612744.0,Golden State,Warriors,GSW,0,0,,,,,,0,0,,,,,
332,21500438,377,1,75,3,7:00 PM,1:50,Livingston 1' Driving Finger Roll Layup (8 PTS) (Green 6 AST),,,57 - 64,7,4.0,2733,Shaun Livingston,1610612744.0,Golden State,Warriors,GSW,4,203110,Draymond Green,1610612744.0,Golden State,Warriors,GSW,0,0,,,,,
333,21500438,378,2,5,3,7:01 PM,1:34,,,MISS Thompson 1' Layup,,,5.0,202684,Tristan Thompson,1610612739.0,Cleveland,Cavaliers,CLE,0,0,,,,,,0,0,,,,,
334,21500438,379,4,0,3,7:01 PM,1:34,,,Dellavedova REBOUND (Off:1 Def:1),,,5.0,203521,Matthew Dellavedova,1610612739.0,Cleveland,Cavaliers,CLE,0,0,,,,,,0,0,,,,,
335,21500438,380,2,1,3,7:01 PM,1:29,,,MISS Shumpert 25' 3PT Jump Shot,,,5.0,202697,Iman Shumpert,1610612739.0,Cleveland,Cavaliers,CLE,0,0,,,,,,0,0,,,,,
336,21500438,381,4,0,3,7:01 PM,1:28,Iguodala REBOUND (Off:0 Def:1),,,,,4.0,2738,Andre Iguodala,1610612744.0,Golden State,Warriors,GSW,0,0,,,,,,0,0,,,,,
337,21500438,382,5,1,3,7:01 PM,1:17,Ezeli Bad Pass Turnover (P2.T14),,Thompson STEAL (1 STL),,,4.0,203105,Festus Ezeli,1610612744.0,Golden State,Warriors,GSW,5,202684,Tristan Thompson,1610612739.0,Cleveland,Cavaliers,CLE,0,0,,,,,
338,21500438,383,2,1,3,7:01 PM,1:05,,,MISS James 4' Jump Shot,,,5.0,2544,LeBron James,1610612739.0,Cleveland,Cavaliers,CLE,0,0,,,,,,0,0,,,,,
339,21500438,384,4,0,3,7:01 PM,1:05,,,Cavaliers Rebound,,,3.0,1610612739,,,,,,0,0,,,,,,0,0,,,,,
340,21500438,385,6,3,3,7:02 PM,1:05,Green L.B.FOUL (P1.T4) (C.Kirkland),,,,,4.0,203110,Draymond Green,1610612744.0,Golden State,Warriors,GSW,5,202684,Tristan Thompson,1610612739.0,Cleveland,Cavaliers,CLE,1,0,,,,,
341,21500438,386,5,2,3,7:02 PM,0:54,Livingston STEAL (1 STL),,Smith Lost Ball Turnover (P2.T9),,,5.0,2747,JR Smith,1610612739.0,Cleveland,Cavaliers,CLE,4,2733,Shaun Livingston,1610612744.0,Golden State,Warriors,GSW,0,0,,,,,
342,21500438,387,2,79,3,7:02 PM,0:42,MISS Iguodala 19' Pullup Jump Shot,,,,,4.0,2738,Andre Iguodala,1610612744.0,Golden State,Warriors,GSW,0,0,,,,,,0,0,,,,,
343,21500438,388,4,0,3,7:02 PM,0:41,,,Dellavedova REBOUND (Off:1 Def:2),,,5.0,203521,Matthew Dellavedova,1610612739.0,Cleveland,Cavaliers,CLE,0,0,,,,,,0,0,,,,,
344,21500438,389,2,1,3,7:02 PM,0:19,,,MISS Thompson 11' Jump Shot,,,5.0,202684,Tristan Thompson,1610612739.0,Cleveland,Cavaliers,CLE,0,0,,,,,,0,0,,,,,
345,21500438,390,4,0,3,7:02 PM,0:18,,,James REBOUND (Off:2 Def:5),,,5.0,2544,LeBron James,1610612739.0,Cleveland,Cavaliers,CLE,0,0,,,,,,0,0,,,,,
346,21500438,391,1,5,3,7:02 PM,0:17,,,James 1' Layup (18 PTS),59 - 64,5,5.0,2544,LeBron James,1610612739.0,Cleveland,Cavaliers,CLE,0,0,,,,,,0,0,,,,,
347,21500438,392,2,58,3,7:03 PM,0:01,MISS Ezeli 9' Turnaround Hook Shot,,,,,4.0,203105,Festus Ezeli,1610612744.0,Golden State,Warriors,GSW,0,0,,,,,,0,0,,,,,
348,21500438,393,4,0,3,7:03 PM,0:00,,,Thompson REBOUND (Off:3 Def:6),,,5.0,202684,Tristan Thompson,1610612739.0,Cleveland,Cavaliers,CLE,0,0,,,,,,0,0,,,,,
349,21500438,394,13,0,3,7:03 PM,0:00,,,,59 - 64,5,0.0,0,,,,,,0,0,,,,,,0,0,,,,,
350,21500438,396,12,0,4,7:07 PM,12:00,,,,59 - 64,5,0.0,0,,,,,,0,0,,,,,,0,0,,,,,
351,21500438,397,1,63,4,7:07 PM,11:38,,,James 10' Fadeaway Jumper (20 PTS),61 - 64,3,5.0,2544,LeBron James,1610612739.0,Cleveland,Cavaliers,CLE,0,0,,,,,,0,0,,,,,
352,21500438,398,1,47,4,7:08 PM,11:21,Livingston 12' Turnaround Jump Shot (10 PTS),,,61 - 66,5,4.0,2733,Shaun Livingston,1610612744.0,Golden State,Warriors,GSW,0,0,,,,,,0,0,,,,,
353,21500438,399,6,1,4,7:08 PM,11:04,Livingston P.FOUL (P2.T1) (C.Kirkland),,,,,4.0,2733,Shaun Livingston,1610612744.0,Golden State,Warriors,GSW,5,202684,Tristan Thompson,1610612739.0,Cleveland,Cavaliers,CLE,1,0,,,,,
354,21500438,400,18,0,4,7:08 PM,11:04,,,,,,,399,Sean Rooks,,,,,0,0,,,,,,1,0,,,,,
355,21500438,401,3,11,4,7:10 PM,11:04,,,Thompson Free Throw 1 of 2 (7 PTS),62 - 66,4,5.0,202684,Tristan Thompson,1610612739.0,Cleveland,Cavaliers,CLE,0,0,,,,,,0,0,,,,,
356,21500438,403,3,12,4,7:10 PM,11:04,,,Thompson Free Throw 2 of 2 (8 PTS),63 - 66,3,5.0,202684,Tristan Thompson,1610612739.0,Cleveland,Cavaliers,CLE,0,0,,,,,,0,0,,,,,
357,21500438,405,1,79,4,7:10 PM,10:50,Livingston 11' Pullup Jump Shot (12 PTS),,,63 - 68,5,4.0,2733,Shaun Livingston,1610612744.0,Golden State,Warriors,GSW,0,0,,,,,,0,0,,,,,
358,21500438,406,5,2,4,7:11 PM,10:24,Clark STEAL (1 STL),,James Lost Ball Turnover (P4.T10),,,5.0,2544,LeBron James,1610612739.0,Cleveland,Cavaliers,CLE,4,203546,Ian Clark,1610612744.0,Golden State,Warriors,GSW,0,0,,,,,
359,21500438,407,2,5,4,7:11 PM,10:19,MISS Clark 2' Layup,,James BLOCK (1 BLK),,,4.0,203546,Ian Clark,1610612744.0,Golden State,Warriors,GSW,0,0,,,,,,5,2544,LeBron James,1610612739.0,Cleveland,Cavaliers,CLE
360,21500438,408,4,0,4,7:11 PM,10:18,,,Dellavedova REBOUND (Off:1 Def:3),,,5.0,203521,Matthew Dellavedova,1610612739.0,Cleveland,Cavaliers,CLE,0,0,,,,,,0,0,,,,,
361,21500438,409,2,5,4,7:11 PM,10:11,,,MISS James 1' Layup,,,5.0,2544,LeBron James,1610612739.0,Cleveland,Cavaliers,CLE,0,0,,,,,,0,0,,,,,
362,21500438,410,4,0,4,7:11 PM,10:11,Rush REBOUND (Off:0 Def:3),,,,,4.0,201575,Brandon Rush,1610612744.0,Golden State,Warriors,GSW,0,0,,,,,,0,0,,,,,
363,21500438,411,6,1,4,7:11 PM,10:06,,,Thompson P.FOUL (P3.T1) (C.Kirkland),,,5.0,202684,Tristan Thompson,1610612739.0,Cleveland,Cavaliers,CLE,4,203105,Festus Ezeli,1610612744.0,Golden State,Warriors,GSW,1,0,,,,,
364,21500438,412,8,0,4,7:12 PM,10:06,,,SUB: Irving FOR Smith,,,5.0,2747,JR Smith,1610612739.0,Cleveland,Cavaliers,CLE,5,202681,Kyrie Irving,1610612739.0,Cleveland,Cavaliers,CLE,0,0,,,,,
365,21500438,413,8,0,4,7:12 PM,10:06,,,SUB: Love FOR James,,,5.0,2544,LeBron James,1610612739.0,Cleveland,Cavaliers,CLE,5,201567,Kevin Love,1610612739.0,Cleveland,Cavaliers,CLE,0,0,,,,,
366,21500438,414,8,0,4,7:12 PM,10:06,SUB: McAdoo FOR Rush,,,,,4.0,201575,Brandon Rush,1610612744.0,Golden State,Warriors,GSW,4,203949,James Michael McAdoo,1610612744.0,Golden State,Warriors,GSW,0,0,,,,,
367,21500438,415,2,58,4,7:12 PM,9:53,MISS Ezeli 7' Turnaround Hook Shot,,,,,4.0,203105,Festus Ezeli,1610612744.0,Golden State,Warriors,GSW,0,0,,,,,,0,0,,,,,
368,21500438,416,4,0,4,7:12 PM,9:51,,,Shumpert REBOUND (Off:0 Def:1),,,5.0,202697,Iman Shumpert,1610612739.0,Cleveland,Cavaliers,CLE,0,0,,,,,,0,0,,,,,
369,21500438,417,2,1,4,7:12 PM,9:44,,,MISS Shumpert 3' Jump Shot,,,5.0,202697,Iman Shumpert,1610612739.0,Cleveland,Cavaliers,CLE,0,0,,,,,,0,0,,,,,
370,21500438,418,4,0,4,7:12 PM,9:43,,,Shumpert REBOUND (Off:1 Def:1),,,5.0,202697,Iman Shumpert,1610612739.0,Cleveland,Cavaliers,CLE,0,0,,,,,,0,0,,,,,
371,21500438,419,2,1,4,7:12 PM,9:38,,,MISS Irving 25' 3PT Jump Shot,,,5.0,202681,Kyrie Irving,1610612739.0,Cleveland,Cavaliers,CLE,0,0,,,,,,0,0,,,,,
372,21500438,420,4,0,4,7:12 PM,9:38,Ezeli REBOUND (Off:0 Def:4),,,,,4.0,203105,Festus Ezeli,1610612744.0,Golden State,Warriors,GSW,0,0,,,,,,0,0,,,,,
373,21500438,421,2,79,4,7:13 PM,9:31,MISS Iguodala 25' 3PT Pullup Jump Shot,,,,,4.0,2738,Andre Iguodala,1610612744.0,Golden State,Warriors,GSW,0,0,,,,,,0,0,,,,,
374,21500438,422,4,0,4,7:13 PM,9:28,,,Thompson REBOUND (Off:3 Def:7),,,5.0,202684,Tristan Thompson,1610612739.0,Cleveland,Cavaliers,CLE,0,0,,,,,,0,0,,,,,
375,21500438,423,2,5,4,7:13 PM,9:20,,,MISS Irving 2' Layup,,,5.0,202681,Kyrie Irving,1610612739.0,Cleveland,Cavaliers,CLE,0,0,,,,,,0,0,,,,,
376,21500438,424,4,0,4,7:13 PM,9:20,WARRIORS Rebound,,,,,2.0,1610612744,,,,,,0,0,,,,,,0,0,,,,,
377,21500438,425,6,3,4,7:13 PM,9:20,,,Thompson L.B.FOUL (P4.T2) (C.Kirkland),,,5.0,202684,Tristan Thompson,1610612739.0,Cleveland,Cavaliers,CLE,4,203105,Festus Ezeli,1610612744.0,Golden State,Warriors,GSW,1,0,,,,,
378,21500438,426,5,40,4,7:13 PM,9:09,Livingston Out of Bounds Lost Ball Turnover (P3.T15),,,,,4.0,2733,Shaun Livingston,1610612744.0,Golden State,Warriors,GSW,0,0,,,,,,1,0,,,,,
379,21500438,427,8,0,4,7:14 PM,9:09,SUB: Thompson FOR Iguodala,,,,,4.0,2738,Andre Iguodala,1610612744.0,Golden State,Warriors,GSW,4,202691,Klay Thompson,1610612744.0,Golden State,Warriors,GSW,0,0,,,,,
380,21500438,428,1,86,4,7:14 PM,8:45,,,Dellavedova 10' Turnaround Fadeaway (10 PTS),65 - 68,3,5.0,203521,Matthew Dellavedova,1610612739.0,Cleveland,Cavaliers,CLE,0,0,,,,,,0,0,,,,,
381,21500438,429,6,1,4,7:14 PM,8:37,,,Irving P.FOUL (P1.T3) (C.Kirkland),,,5.0,202681,Kyrie Irving,1610612739.0,Cleveland,Cavaliers,CLE,4,203105,Festus Ezeli,1610612744.0,Golden State,Warriors,GSW,1,0,,,,,
382,21500438,430,9,4,4,7:14 PM,8:37,,,,,,1.0,0,,,,,,0,0,,,,,,0,0,,,,,
383,21500438,432,2,46,4,7:17 PM,8:22,MISS Thompson 5' Running Jump Shot,,,,,4.0,202691,Klay Thompson,1610612744.0,Golden State,Warriors,GSW,0,0,,,,,,0,0,,,,,
384,21500438,433,4,0,4,7:18 PM,8:21,WARRIORS Rebound,,,,,2.0,1610612744,,,,,,0,0,,,,,,0,0,,,,,
385,21500438,434,10,0,4,7:18 PM,8:21,Jump Ball Thompson vs. Love: Tip to,,,,,4.0,202691,Klay Thompson,1610612744.0,Golden State,Warriors,GSW,5,201567,Kevin Love,1610612739.0,Cleveland,Cavaliers,CLE,3,1610612739,,,,,
386,21500438,435,7,4,4,7:18 PM,8:21,,,Love Violation:Jump Ball (C.Kirkland),,,5.0,201567,Kevin Love,1610612739.0,Cleveland,Cavaliers,CLE,0,0,,,,,,1,0,,,,,
387,21500438,437,6,3,4,7:18 PM,8:19,,,Love L.B.FOUL (P2.T4) (C.Kirkland),,,5.0,201567,Kevin Love,1610612739.0,Cleveland,Cavaliers,CLE,4,202691,Klay Thompson,1610612744.0,Golden State,Warriors,GSW,1,0,,,,,
388,21500438,439,2,1,4,7:19 PM,8:03,MISS Thompson 7' Jump Shot,,,,,4.0,202691,Klay Thompson,1610612744.0,Golden State,Warriors,GSW,0,0,,,,,,0,0,,,,,
389,21500438,440,4,0,4,7:19 PM,8:03,,,Love REBOUND (Off:1 Def:12),,,5.0,201567,Kevin Love,1610612739.0,Cleveland,Cavaliers,CLE,0,0,,,,,,0,0,,,,,
390,21500438,441,2,1,4,7:19 PM,7:57,,,MISS Irving 25' 3PT Jump Shot,,,5.0,202681,Kyrie Irving,1610612739.0,Cleveland,Cavaliers,CLE,0,0,,,,,,0,0,,,,,
391,21500438,442,4,0,4,7:19 PM,7:57,McAdoo REBOUND (Off:0 Def:1),,,,,4.0,203949,James Michael McAdoo,1610612744.0,Golden State,Warriors,GSW,0,0,,,,,,0,0,,,,,
392,21500438,443,1,80,4,7:19 PM,7:52,Livingston 13' Step Back Jump Shot (14 PTS),,,65 - 70,5,4.0,2733,Shaun Livingston,1610612744.0,Golden State,Warriors,GSW,0,0,,,,,,0,0,,,,,
393,21500438,444,2,1,4,7:19 PM,7:30,,,MISS Dellavedova 10' Jump Shot,,,5.0,203521,Matthew Dellavedova,1610612739.0,Cleveland,Cavaliers,CLE,0,0,,,,,,0,0,,,,,
394,21500438,445,4,0,4,7:19 PM,7:28,,,Dellavedova REBOUND (Off:2 Def:3),,,5.0,203521,Matthew Dellavedova,1610612739.0,Cleveland,Cavaliers,CLE,0,0,,,,,,0,0,,,,,
395,21500438,446,1,5,4,7:19 PM,7:17,,,Love 3' Layup (8 PTS) (Dellavedova 1 AST),67 - 70,3,5.0,201567,Kevin Love,1610612739.0,Cleveland,Cavaliers,CLE,5,203521,Matthew Dellavedova,1610612739.0,Cleveland,Cavaliers,CLE,0,0,,,,,
396,21500438,448,6,1,4,7:20 PM,7:07,,,Dellavedova P.FOUL (P2.PN) (M.Boland),,,5.0,203521,Matthew Dellavedova,1610612739.0,Cleveland,Cavaliers,CLE,4,202691,Klay Thompson,1610612744.0,Golden State,Warriors,GSW,1,0,,,,,
397,21500438,450,3,11,4,7:20 PM,7:07,Thompson Free Throw 1 of 2 (16 PTS),,,67 - 71,4,4.0,202691,Klay Thompson,1610612744.0,Golden State,Warriors,GSW,0,0,,,,,,0,0,,,,,
398,21500438,453,8,0,4,7:20 PM,7:07,SUB: Green FOR McAdoo,,,,,4.0,203949,James Michael McAdoo,1610612744.0,Golden State,Warriors,GSW,4,203110,Draymond Green,1610612744.0,Golden State,Warriors,GSW,0,0,,,,,
399,21500438,454,8,0,4,7:20 PM,7:07,SUB: Curry FOR Clark,,,,,4.0,203546,Ian Clark,1610612744.0,Golden State,Warriors,GSW,4,201939,Stephen Curry,1610612744.0,Golden State,Warriors,GSW,0,0,,,,,
400,21500438,455,8,0,4,7:20 PM,7:07,SUB: Iguodala FOR Livingston,,,,,4.0,2733,Shaun Livingston,1610612744.0,Golden State,Warriors,GSW,4,2738,Andre Iguodala,1610612744.0,Golden State,Warriors,GSW,0,0,,,,,
401,21500438,456,8,0,4,7:21 PM,7:07,,,SUB: James FOR Thompson,,,5.0,202684,Tristan Thompson,1610612739.0,Cleveland,Cavaliers,CLE,5,2544,LeBron James,1610612739.0,Cleveland,Cavaliers,CLE,0,0,,,,,
402,21500438,457,3,12,4,7:21 PM,7:07,MISS Thompson Free Throw 2 of 2,,,,,4.0,202691,Klay Thompson,1610612744.0,Golden State,Warriors,GSW,0,0,,,,,,0,0,,,,,
403,21500438,459,4,0,4,7:21 PM,7:06,,,Shumpert REBOUND (Off:1 Def:2),,,5.0,202697,Iman Shumpert,1610612739.0,Cleveland,Cavaliers,CLE,0,0,,,,,,0,0,,,,,
404,21500438,461,2,40,4,7:21 PM,6:46,Ezeli BLOCK (2 BLK),,MISS James 1' Layup,,,5.0,2544,LeBron James,1610612739.0,Cleveland,Cavaliers,CLE,0,0,,,,,,4,203105,Festus Ezeli,1610612744.0,Golden State,Warriors,GSW
405,21500438,460,4,0,4,7:21 PM,6:46,Thompson REBOUND (Off:2 Def:4),,,,,4.0,202691,Klay Thompson,1610612744.0,Golden State,Warriors,GSW,0,0,,,,,,0,0,,,,,
406,21500438,463,8,0,4,7:22 PM,6:40,SUB: Livingston FOR Ezeli,,,,,4.0,203105,Festus Ezeli,1610612744.0,Golden State,Warriors,GSW,4,2733,Shaun Livingston,1610612744.0,Golden State,Warriors,GSW,0,0,,,,,
407,21500438,464,1,5,4,7:22 PM,6:38,Green 3' Layup (18 PTS) (Curry 7 AST),,,67 - 73,6,4.0,203110,Draymond Green,1610612744.0,Golden State,Warriors,GSW,4,201939,Stephen Curry,1610612744.0,Golden State,Warriors,GSW,0,0,,,,,
408,21500438,465,5,1,4,7:22 PM,6:16,Curry STEAL (2 STL),,Dellavedova Bad Pass Turnover (P1.T11),,,5.0,203521,Matthew Dellavedova,1610612739.0,Cleveland,Cavaliers,CLE,4,201939,Stephen Curry,1610612744.0,Golden State,Warriors,GSW,0,0,,,,,
409,21500438,466,6,2,4,7:22 PM,6:10,,,Shumpert S.FOUL (P4.PN) (S.Foster),,,5.0,202697,Iman Shumpert,1610612739.0,Cleveland,Cavaliers,CLE,4,2738,Andre Iguodala,1610612744.0,Golden State,Warriors,GSW,1,0,,,,,
410,21500438,467,3,11,4,7:23 PM,6:10,Iguodala Free Throw 1 of 2 (4 PTS),,,67 - 74,7,4.0,2738,Andre Iguodala,1610612744.0,Golden State,Warriors,GSW,0,0,,,,,,0,0,,,,,
411,21500438,469,3,12,4,7:23 PM,6:10,Iguodala Free Throw 2 of 2 (5 PTS),,,67 - 75,8,4.0,2738,Andre Iguodala,1610612744.0,Golden State,Warriors,GSW,0,0,,,,,,0,0,,,,,
412,21500438,471,1,63,4,7:23 PM,5:56,,,Irving 12' Fadeaway Jumper (11 PTS) (James 2 AST),69 - 75,6,5.0,202681,Kyrie Irving,1610612739.0,Cleveland,Cavaliers,CLE,5,2544,LeBron James,1610612739.0,Cleveland,Cavaliers,CLE,0,0,,,,,
413,21500438,472,2,1,4,7:23 PM,5:39,MISS Thompson 25' 3PT Jump Shot,,,,,4.0,202691,Klay Thompson,1610612744.0,Golden State,Warriors,GSW,0,0,,,,,,0,0,,,,,
414,21500438,473,4,0,4,7:23 PM,5:38,,,James REBOUND (Off:2 Def:6),,,5.0,2544,LeBron James,1610612739.0,Cleveland,Cavaliers,CLE,0,0,,,,,,0,0,,,,,
415,21500438,474,2,5,4,7:24 PM,5:27,,,MISS Love 3' Layup,,,5.0,201567,Kevin Love,1610612739.0,Cleveland,Cavaliers,CLE,0,0,,,,,,0,0,,,,,
416,21500438,475,4,0,4,7:24 PM,5:25,Green REBOUND (Off:0 Def:13),,,,,4.0,203110,Draymond Green,1610612744.0,Golden State,Warriors,GSW,0,0,,,,,,0,0,,,,,
417,21500438,476,1,49,4,7:24 PM,5:19,Livingston  Driving Dunk (16 PTS) (Green 7 AST),,,69 - 77,8,4.0,2733,Shaun Livingston,1610612744.0,Golden State,Warriors,GSW,4,203110,Draymond Green,1610612744.0,Golden State,Warriors,GSW,0,0,,,,,
418,21500438,477,1,75,4,7:24 PM,4:55,,,Irving 3' Driving Finger Roll Layup (13 PTS),71 - 77,6,5.0,202681,Kyrie Irving,1610612739.0,Cleveland,Cavaliers,CLE,0,0,,,,,,0,0,,,,,
419,21500438,478,2,1,4,7:24 PM,4:40,MISS Green 3' Jump Shot,,,,,4.0,203110,Draymond Green,1610612744.0,Golden State,Warriors,GSW,0,0,,,,,,0,0,,,,,
420,21500438,480,4,0,4,7:24 PM,4:39,Green REBOUND (Off:1 Def:13),,,,,4.0,203110,Draymond Green,1610612744.0,Golden State,Warriors,GSW,0,0,,,,,,0,0,,,,,
421,21500438,479,2,5,4,7:24 PM,4:39,MISS Green 1' Layup,,,,,4.0,203110,Draymond Green,1610612744.0,Golden State,Warriors,GSW,0,0,,,,,,0,0,,,,,
422,21500438,481,4,0,4,7:24 PM,4:37,,,James REBOUND (Off:2 Def:7),,,5.0,2544,LeBron James,1610612739.0,Cleveland,Cavaliers,CLE,0,0,,,,,,0,0,,,,,
423,21500438,482,2,5,4,7:24 PM,4:34,Iguodala BLOCK (1 BLK),,MISS James 3' Layup,,,5.0,2544,LeBron James,1610612739.0,Cleveland,Cavaliers,CLE,0,0,,,,,,4,2738,Andre Iguodala,1610612744.0,Golden State,Warriors,GSW
424,21500438,483,4,0,4,7:25 PM,4:34,WARRIORS Rebound,,,,,2.0,1610612744,,,,,,0,0,,,,,,0,0,,,,,
425,21500438,484,9,1,4,7:25 PM,4:34,WARRIORS Timeout: Regular (Full 4 Short 0),,,,,2.0,1610612744,,,,,,0,0,,,,,,0,0,,,,,
426,21500438,486,1,79,4,7:28 PM,4:21,Thompson 17' Pullup Jump Shot (18 PTS) (Iguodala 2 AST),,,71 - 79,8,4.0,202691,Klay Thompson,1610612744.0,Golden State,Warriors,GSW,4,2738,Andre Iguodala,1610612744.0,Golden State,Warriors,GSW,0,0,,,,,
427,21500438,487,7,5,4,7:28 PM,4:08,Iguodala Violation:Kicked Ball (S.Foster),,,,,4.0,2738,Andre Iguodala,1610612744.0,Golden State,Warriors,GSW,0,0,,,,,,1,0,,,,,
428,21500438,488,2,5,4,7:28 PM,3:57,,,MISS Irving 1' Layup,,,5.0,202681,Kyrie Irving,1610612739.0,Cleveland,Cavaliers,CLE,0,0,,,,,,0,0,,,,,
429,21500438,490,4,0,4,7:28 PM,3:55,,,Love REBOUND (Off:2 Def:12),,,5.0,201567,Kevin Love,1610612739.0,Cleveland,Cavaliers,CLE,0,0,,,,,,0,0,,,,,
430,21500438,489,2,5,4,7:28 PM,3:55,,,MISS Love 2' Layup,,,5.0,201567,Kevin Love,1610612739.0,Cleveland,Cavaliers,CLE,0,0,,,,,,0,0,,,,,
431,21500438,491,4,0,4,7:28 PM,3:54,Curry REBOUND (Off:0 Def:5),,,,,4.0,201939,Stephen Curry,1610612744.0,Golden State,Warriors,GSW,0,0,,,,,,0,0,,,,,
432,21500438,492,1,5,4,7:29 PM,3:48,Green 1' Layup (20 PTS) (Iguodala 3 AST),,,71 - 81,10,4.0,203110,Draymond Green,1610612744.0,Golden State,Warriors,GSW,4,2738,Andre Iguodala,1610612744.0,Golden State,Warriors,GSW,0,0,,,,,
433,21500438,493,1,49,4,7:29 PM,3:26,,,James  Driving Dunk (22 PTS),73 - 81,8,5.0,2544,LeBron James,1610612739.0,Cleveland,Cavaliers,CLE,0,0,,,,,,0,0,,,,,
434,21500438,494,2,5,4,7:29 PM,3:09,MISS Thompson 2' Layup,,James BLOCK (2 BLK),,,4.0,202691,Klay Thompson,1610612744.0,Golden State,Warriors,GSW,0,0,,,,,,5,2544,LeBron James,1610612739.0,Cleveland,Cavaliers,CLE
435,21500438,495,4,0,4,7:29 PM,3:08,Curry REBOUND (Off:1 Def:5),,,,,4.0,201939,Stephen Curry,1610612744.0,Golden State,Warriors,GSW,0,0,,,,,,0,0,,,,,
436,21500438,496,2,5,4,7:29 PM,3:03,MISS Curry 3' Layup,,,,,4.0,201939,Stephen Curry,1610612744.0,Golden State,Warriors,GSW,0,0,,,,,,0,0,,,,,
437,21500438,497,4,0,4,7:29 PM,3:03,,,Love REBOUND (Off:2 Def:13),,,5.0,201567,Kevin Love,1610612739.0,Cleveland,Cavaliers,CLE,0,0,,,,,,0,0,,,,,
438,21500438,498,1,49,4,7:29 PM,2:55,,,James  Driving Dunk (24 PTS) (Irving 2 AST),75 - 81,6,5.0,2544,LeBron James,1610612739.0,Cleveland,Cavaliers,CLE,5,202681,Kyrie Irving,1610612739.0,Cleveland,Cavaliers,CLE,0,0,,,,,
439,21500438,499,6,4,4,7:30 PM,2:36,Livingston OFF.Foul (P3) (C.Kirkland),,,,,4.0,2733,Shaun Livingston,1610612744.0,Golden State,Warriors,GSW,5,202697,Iman Shumpert,1610612739.0,Cleveland,Cavaliers,CLE,1,0,,,,,
440,21500438,500,5,5,4,7:30 PM,2:36,Livingston Foul Turnover (P4.T16),,,,,4.0,2733,Shaun Livingston,1610612744.0,Golden State,Warriors,GSW,0,0,,,,,,1,0,,,,,
441,21500438,501,9,1,4,7:30 PM,2:36,,,Cavaliers Timeout: Regular (Reg.4 Short 1),,,3.0,1610612739,,,,,,0,0,,,,,,0,0,,,,,
442,21500438,503,8,0,4,7:33 PM,2:36,,,SUB: Smith FOR Irving,,,5.0,202681,Kyrie Irving,1610612739.0,Cleveland,Cavaliers,CLE,5,2747,JR Smith,1610612739.0,Cleveland,Cavaliers,CLE,0,0,,,,,
443,21500438,504,2,42,4,7:33 PM,2:15,,,MISS James 1' Driving Layup,,,5.0,2544,LeBron James,1610612739.0,Cleveland,Cavaliers,CLE,0,0,,,,,,0,0,,,,,
444,21500438,506,4,0,4,7:33 PM,2:14,,,Love REBOUND (Off:3 Def:13),,,5.0,201567,Kevin Love,1610612739.0,Cleveland,Cavaliers,CLE,0,0,,,,,,0,0,,,,,
445,21500438,505,1,97,4,7:33 PM,2:14,,,Love 2' Tip Layup Shot (10 PTS),77 - 81,4,5.0,201567,Kevin Love,1610612739.0,Cleveland,Cavaliers,CLE,0,0,,,,,,0,0,,,,,
446,21500438,507,2,42,4,7:34 PM,1:51,MISS Green 2' Driving Layup,,Love BLOCK (2 BLK),,,4.0,203110,Draymond Green,1610612744.0,Golden State,Warriors,GSW,0,0,,,,,,5,201567,Kevin Love,1610612739.0,Cleveland,Cavaliers,CLE
447,21500438,508,4,0,4,7:34 PM,1:50,,,Shumpert REBOUND (Off:1 Def:3),,,5.0,202697,Iman Shumpert,1610612739.0,Cleveland,Cavaliers,CLE,0,0,,,,,,0,0,,,,,
448,21500438,509,6,2,4,7:34 PM,1:33,Livingston S.FOUL (P4.T2) (C.Kirkland),,,,,4.0,2733,Shaun Livingston,1610612744.0,Golden State,Warriors,GSW,5,2544,LeBron James,1610612739.0,Cleveland,Cavaliers,CLE,1,0,,,,,
449,21500438,510,3,11,4,7:34 PM,1:33,,,MISS James Free Throw 1 of 2,,,5.0,2544,LeBron James,1610612739.0,Cleveland,Cavaliers,CLE,0,0,,,,,,0,0,,,,,
450,21500438,511,4,1,4,7:34 PM,1:33,,,Cavaliers Rebound,,,3.0,1610612739,,,,,,0,0,,,,,,0,0,,,,,
451,21500438,512,3,12,4,7:34 PM,1:33,,,MISS James Free Throw 2 of 2,,,5.0,2544,LeBron James,1610612739.0,Cleveland,Cavaliers,CLE,0,0,,,,,,0,0,,,,,
452,21500438,514,4,0,4,7:35 PM,1:32,Iguodala REBOUND (Off:0 Def:2),,,,,4.0,2738,Andre Iguodala,1610612744.0,Golden State,Warriors,GSW,0,0,,,,,,0,0,,,,,
453,21500438,515,1,75,4,7:35 PM,1:19,Curry 1' Driving Finger Roll Layup (17 PTS),,,77 - 83,6,4.0,201939,Stephen Curry,1610612744.0,Golden State,Warriors,GSW,0,0,,,,,,0,0,,,,,
454,21500438,516,1,79,4,7:35 PM,1:08,,,Smith 26' 3PT Pullup Jump Shot (12 PTS) (Love 4 AST),80 - 83,3,5.0,2747,JR Smith,1610612739.0,Cleveland,Cavaliers,CLE,5,201567,Kevin Love,1610612739.0,Cleveland,Cavaliers,CLE,0,0,,,,,
455,21500438,517,1,75,4,7:35 PM,0:57,Curry 2' Driving Finger Roll Layup (19 PTS),,,80 - 85,5,4.0,201939,Stephen Curry,1610612744.0,Golden State,Warriors,GSW,0,0,,,,,,0,0,,,,,
456,21500438,518,9,1,4,7:36 PM,0:57,,,Cavaliers Timeout: Regular (Reg.5 Short 1),,,3.0,1610612739,,,,,,0,0,,,,,,0,0,,,,,
457,21500438,519,2,1,4,7:38 PM,0:49,,,MISS James 3' Jump Shot,,,5.0,2544,LeBron James,1610612739.0,Cleveland,Cavaliers,CLE,0,0,,,,,,0,0,,,,,
458,21500438,520,4,0,4,7:38 PM,0:47,Curry REBOUND (Off:1 Def:6),,,,,4.0,201939,Stephen Curry,1610612744.0,Golden State,Warriors,GSW,0,0,,,,,,0,0,,,,,
459,21500438,521,2,1,4,7:38 PM,0:28,MISS Curry 26' 3PT Jump Shot,,,,,4.0,201939,Stephen Curry,1610612744.0,Golden State,Warriors,GSW,0,0,,,,,,0,0,,,,,
460,21500438,522,4,0,4,7:38 PM,0:27,,,Love REBOUND (Off:3 Def:14),,,5.0,201567,Kevin Love,1610612739.0,Cleveland,Cavaliers,CLE,0,0,,,,,,0,0,,,,,
461,21500438,523,6,2,4,7:38 PM,0:20,Green S.FOUL (P2.PN) (S.Foster),,,,,4.0,203110,Draymond Green,1610612744.0,Golden State,Warriors,GSW,5,2544,LeBron James,1610612739.0,Cleveland,Cavaliers,CLE,1,0,,,,,
462,21500438,524,3,11,4,7:39 PM,0:20,,,James Free Throw 1 of 2 (25 PTS),81 - 85,4,5.0,2544,LeBron James,1610612739.0,Cleveland,Cavaliers,CLE,0,0,,,,,,0,0,,,,,
463,21500438,526,8,0,4,7:39 PM,0:20,,,SUB: Thompson FOR Love,,,5.0,201567,Kevin Love,1610612739.0,Cleveland,Cavaliers,CLE,5,202684,Tristan Thompson,1610612739.0,Cleveland,Cavaliers,CLE,0,0,,,,,
464,21500438,528,9,2,4,7:39 PM,0:20,WARRIORS Timeout: Short (Full 4 Short 1),,,,,2.0,1610612744,,,,,,0,0,,,,,,0,0,,,,,
465,21500438,530,3,12,4,7:40 PM,0:20,,,MISS James Free Throw 2 of 2,,,5.0,2544,LeBron James,1610612739.0,Cleveland,Cavaliers,CLE,0,0,,,,,,0,0,,,,,
466,21500438,532,4,0,4,7:40 PM,0:20,WARRIORS Rebound,,,,,2.0,1610612744,,,,,,0,0,,,,,,0,0,,,,,
467,21500438,533,6,3,4,7:41 PM,0:20,,,Dellavedova L.B.FOUL (P3.PN) (C.Kirkland),,,5.0,203521,Matthew Dellavedova,1610612739.0,Cleveland,Cavaliers,CLE,4,2738,Andre Iguodala,1610612744.0,Golden State,Warriors,GSW,1,0,,,,,
468,21500438,534,3,11,4,7:41 PM,0:20,MISS Iguodala Free Throw 1 of 2,,,,,4.0,2738,Andre Iguodala,1610612744.0,Golden State,Warriors,GSW,0,0,,,,,,0,0,,,,,
469,21500438,535,4,1,4,7:41 PM,0:20,WARRIORS Rebound,,,,,2.0,1610612744,,,,,,0,0,,,,,,0,0,,,,,
470,21500438,536,8,0,4,7:41 PM,0:20,,,SUB: Love FOR Shumpert,,,5.0,202697,Iman Shumpert,1610612739.0,Cleveland,Cavaliers,CLE,5,201567,Kevin Love,1610612739.0,Cleveland,Cavaliers,CLE,0,0,,,,,
471,21500438,537,3,12,4,7:41 PM,0:20,MISS Iguodala Free Throw 2 of 2,,,,,4.0,2738,Andre Iguodala,1610612744.0,Golden State,Warriors,GSW,0,0,,,,,,0,0,,,,,
472,21500438,539,4,0,4,7:41 PM,0:19,,,Love REBOUND (Off:3 Def:15),,,5.0,201567,Kevin Love,1610612739.0,Cleveland,Cavaliers,CLE,0,0,,,,,,0,0,,,,,
473,21500438,540,9,2,4,7:41 PM,0:19,,,Cavaliers Timeout: Short (Reg.5 Short 2),,,3.0,1610612739,,,,,,0,0,,,,,,0,0,,,,,
474,21500438,542,2,1,4,7:43 PM,0:12,,,MISS James 28' 3PT Jump Shot,,,5.0,2544,LeBron James,1610612739.0,Cleveland,Cavaliers,CLE,0,0,,,,,,0,0,,,,,
475,21500438,543,4,0,4,7:43 PM,0:12,WARRIORS Rebound,,,,,2.0,1610612744,,,,,,0,0,,,,,,0,0,,,,,
476,21500438,544,6,3,4,7:43 PM,0:12,,,Thompson L.B.FOUL (P5.PN) (C.Kirkland),,,5.0,202684,Tristan Thompson,1610612739.0,Cleveland,Cavaliers,CLE,4,2738,Andre Iguodala,1610612744.0,Golden State,Warriors,GSW,1,0,,,,,
477,21500438,545,3,11,4,7:43 PM,0:12,Iguodala Free Throw 1 of 2 (6 PTS),,,81 - 86,5,4.0,2738,Andre Iguodala,1610612744.0,Golden State,Warriors,GSW,0,0,,,,,,0,0,,,,,
478,21500438,547,3,12,4,7:43 PM,0:12,Iguodala Free Throw 2 of 2 (7 PTS),,,81 - 87,6,4.0,2738,Andre Iguodala,1610612744.0,Golden State,Warriors,GSW,0,0,,,,,,0,0,,,,,
479,21500438,549,6,2,4,7:44 PM,0:08,Livingston S.FOUL (P5.PN) (S.Foster),,,,,4.0,2733,Shaun Livingston,1610612744.0,Golden State,Warriors,GSW,5,2747,JR Smith,1610612739.0,Cleveland,Cavaliers,CLE,1,0,,,,,
480,21500438,550,3,13,4,7:44 PM,0:08,,,MISS Smith Free Throw 1 of 3,,,5.0,2747,JR Smith,1610612739.0,Cleveland,Cavaliers,CLE,0,0,,,,,,0,0,,,,,
481,21500438,551,4,1,4,7:44 PM,0:08,,,Cavaliers Rebound,,,3.0,1610612739,,,,,,0,0,,,,,,0,0,,,,,
482,21500438,552,3,14,4,7:44 PM,0:08,,,Smith Free Throw 2 of 3 (13 PTS),82 - 87,5,5.0,2747,JR Smith,1610612739.0,Cleveland,Cavaliers,CLE,0,0,,,,,,0,0,,,,,
483,21500438,554,3,15,4,7:45 PM,0:08,,,Smith Free Throw 3 of 3 (14 PTS),83 - 87,4,5.0,2747,JR Smith,1610612739.0,Cleveland,Cavaliers,CLE,0,0,,,,,,0,0,,,,,
484,21500438,556,6,1,4,7:45 PM,0:08,,,Dellavedova P.FOUL (P4.PN) (M.Boland),,,5.0,203521,Matthew Dellavedova,1610612739.0,Cleveland,Cavaliers,CLE,4,203110,Draymond Green,1610612744.0,Golden State,Warriors,GSW,1,0,,,,,
485,21500438,557,3,11,4,7:46 PM,0:08,Green Free Throw 1 of 2 (21 PTS),,,83 - 88,5,4.0,203110,Draymond Green,1610612744.0,Golden State,Warriors,GSW,0,0,,,,,,0,0,,,,,
486,21500438,559,3,12,4,7:46 PM,0:08,Green Free Throw 2 of 2 (22 PTS),,,83 - 89,6,4.0,203110,Draymond Green,1610612744.0,Golden State,Warriors,GSW,0,0,,,,,,0,0,,,,,
487,21500438,561,9,2,4,7:46 PM,0:08,,,Cavaliers Timeout: Short (Reg.5 Short 3),,,3.0,1610612739,,,,,,0,0,,,,,,0,0,,,,,
488,21500438,562,2,1,4,7:47 PM,0:04,,,MISS Smith 25' 3PT Jump Shot,,,5.0,2747,JR Smith,1610612739.0,Cleveland,Cavaliers,CLE,0,0,,,,,,0,0,,,,,
489,21500438,563,4,0,4,7:47 PM,0:04,Green REBOUND (Off:1 Def:14),,,,,4.0,203110,Draymond Green,1610612744.0,Golden State,Warriors,GSW,0,0,,,,,,0,0,,,,,
490,21500438,564,13,0,4,7:47 PM,0:00,,,,83 - 89,6,0.0,0,,,,,,0,0,,,,,,0,0,,,,,
